Symbol,Yahoo Symbol,Company,Price,Trailing P/E,Forward P/E,Market Cap,Beta,Dividend Rate,Dividend Yield,Currency,Quote Type,Sector,Industry,Weight
AAPL,AAPL,Apple Inc.,280.14,33.915257,29.386591,4109006274560.0,,1.08,0.39,USD,EQUITY,Technology,Consumer Electronics,0.0692091524397274
NVDA,NVDA,NVIDIA Corporation,198.45,40.5,17.656982,4823327440896.0,2.335,0.04,0.02,USD,EQUITY,Technology,Semiconductors,0.0593496381573215
MSFT,MSFT,Microsoft Corporation,414.44,24.69845,21.452034,3078640631808.0,1.107,3.64,0.88,USD,EQUITY,Technology,Software - Infrastructure,0.0584008785436112
AMZN,AMZN,"Amazon.com, Inc.",268.26,32.050182,27.244532,2884935614464.0,1.383,,,USD,EQUITY,Consumer Cyclical,Internet Retail,0.0425499486683522
GOOGL,GOOGL,Alphabet Inc.,385.69,29.419529,27.129019,4672805404672.0,1.128,0.84,0.22,USD,EQUITY,Communication Services,Internet Content & Information,0.0423087098196338
GOOG,GOOG,Alphabet Inc.,383.22,29.231123,26.955282,4635812691968.0,1.128,0.88,0.23,USD,EQUITY,Communication Services,Internet Content & Information,0.0423086720892176
META,META,"Meta Platforms, Inc.",608.745,22.120094,16.826385,1545252503552.0,1.309,2.1,0.34,USD,EQUITY,Communication Services,Internet Content & Information,0.0265813329085953
TSLA,TSLA,"Tesla, Inc.",390.82,358.55045,154.14774,1467812020224.0,1.915,,,USD,EQUITY,Consumer Cyclical,Auto Manufacturers,0.0243174937863789
AVGO,AVGO,Broadcom Inc.,421.28,81.96109,23.252079,1994621059072.0,1.253,2.6,0.62,USD,EQUITY,Technology,Semiconductors,0.0185529040232474
BRK-B,BRK-B,Berkshire Hathaway Inc. New,473.01,15.243635,21.747606,1020221521920.0,0.699,,,USD,EQUITY,Financial Services,Insurance - Diversified,0.0176094184142796
WMT,WMT,Walmart Inc.,131.6,48.382355,40.093105,1048982388736.0,0.661,0.99,0.75,USD,EQUITY,Consumer Defensive,Discount Stores,0.0133315249578394
LLY,LLY,Eli Lilly and Company,963.33,34.245647,22.059313,862005886976.0,0.504,6.23,0.65,USD,EQUITY,Healthcare,Drug Manufacturers - General,0.0124222278222706
JPM,JPM,JP Morgan Chase & Co.,312.47,14.950718,13.278351,837263360000.0,1.043,6.0,1.92,USD,EQUITY,Financial Services,Banks - Diversified,0.0120348036549762
V,V,Visa Inc.,328.03,28.574043,22.398832,623828992000.0,0.799,2.68,0.82,USD,EQUITY,Financial Services,Credit Services,0.0110688708065074
MA,MA,Mastercard Incorporated,495.46,28.655869,21.785109,437637808128.0,,3.48,0.7,USD,EQUITY,Financial Services,Credit Services,0.0087193282229185
ORCL,ORCL,Oracle Corporation,171.83,30.849192,21.394724,494191017984.0,1.597,2.0,1.16,USD,EQUITY,Technology,Software - Infrastructure,0.0085374351921528
XOM,XOM,Exxon Mobil Corporation,152.75,25.715488,15.022768,634914471936.0,0.288,4.12,2.7,USD,EQUITY,Energy,Oil & Gas Integrated,0.0083714826727031
UNH,UNH,UnitedHealth Group Incorporated,368.78,27.853476,17.769388,334930870272.0,0.408,8.84,2.4,USD,EQUITY,Healthcare,Healthcare Plans,0.0082806891423673
COST,COST,Costco Wholesale Corporation,1011.7,52.63788,45.01612,448843284480.0,0.978,5.88,0.58,USD,EQUITY,Consumer Defensive,Discount Stores,0.007619493664505
PG,PG,Procter & Gamble Company (The),147.26,21.56076,20.769424,342909485056.0,0.403,4.26,2.89,USD,EQUITY,Consumer Defensive,Household & Personal Products,0.0071207270389399
HD,HD,"Home Depot, Inc. (The)",323.88,22.776371,19.865234,322593423360.0,1.085,9.32,2.88,USD,EQUITY,Consumer Cyclical,Home Improvement Retail,0.0070164908687495
NFLX,NFLX,"Netflix, Inc.",92.06,29.696774,23.966032,387646095360.0,1.669,,,USD,EQUITY,Communication Services,Entertainment,0.0069910576205273
JNJ,JNJ,Johnson & Johnson,227.19,26.32561,17.874283,546895626240.0,0.329,5.36,2.36,USD,EQUITY,Healthcare,Drug Manufacturers - General,0.00625788135158
BAC,BAC,Bank of America Corporation,53.24,13.243782,10.559406,379596341248.0,1.237,1.12,2.1,USD,EQUITY,Financial Services,Banks - Diversified,0.0060974392415119
CRM,CRM,"Salesforce, Inc.",183.82,23.59692,12.313518,150374645760.0,1.288,1.76,0.96,USD,EQUITY,Technology,Software - Application,0.0059168420147283
ABBV,ABBV,AbbVie Inc.,206.6,100.780495,12.773595,365426311168.0,0.364,6.92,3.35,USD,EQUITY,Healthcare,Drug Manufacturers - General,0.0055822292289272
KO,KO,Coca-Cola Company (The),78.58,24.710691,22.593056,338129747968.0,0.361,2.12,2.7,USD,EQUITY,Consumer Defensive,Beverages - Non-Alcoholic,0.0048477981288716
TMUS,TMUS,"T-Mobile US, Inc.",196.06,20.835281,14.055044,212177043456.0,0.422,4.08,2.08,USD,EQUITY,Communication Services,Telecom Services,0.0045997825436772
CVX,CVX,Chevron Corporation,190.63,33.210804,16.143047,379715682304.0,0.587,7.12,3.73,USD,EQUITY,Energy,Oil & Gas Integrated,0.004582197222029
MRK,MRK,"Merck & Company, Inc.",112.16,31.50562,11.521623,277021655040.0,0.275,3.4,3.03,USD,EQUITY,Healthcare,Drug Manufacturers - General,0.0044623948969961
WFC,WFC,Wells Fargo & Company,80.81,12.489954,10.259164,247293902848.0,1.056,1.8,2.23,USD,EQUITY,Financial Services,Banks - Diversified,0.0042134876359495
CSCO,CSCO,"Cisco Systems, Inc.",91.85,33.03957,20.358088,362797662208.0,0.819,1.68,1.83,USD,EQUITY,Technology,Communication Equipment,0.004193244088571
ACN,ACN,Accenture plc,179.83,14.752256,12.063776,110673698816.0,1.236,6.52,3.63,USD,EQUITY,Technology,Information Technology Services,0.0041228261620705
NOW,NOW,"ServiceNow, Inc.",91.16,54.26191,18.222343,94014046208.0,1.005,,,USD,EQUITY,Technology,Software - Application,0.0040506148617239
AXP,AXP,American Express Company,319.68,19.955055,15.903132,218126123008.0,1.133,3.8,1.19,USD,EQUITY,Financial Services,Credit Services,0.0037850469689955
MCD,MCD,McDonald's Corporation,286.64,23.986612,19.967901,203751653376.0,0.532,7.44,2.6,USD,EQUITY,Consumer Cyclical,Restaurants,0.0037734940924097
PEP,PEP,"Pepsico, Inc.",157.41,24.672415,17.19762,215170170880.0,0.41,5.69,3.61,USD,EQUITY,Consumer Defensive,Beverages - Non-Alcoholic,0.0037714430905654
BX,BX,Blackstone Inc.,126.35,32.397434,16.72987,154432798720.0,1.735,4.97,3.93,USD,EQUITY,Financial Services,Asset Management,0.003727941394506
IBM,IBM,International Business Machines,232.2,20.530502,17.281775,218241368064.0,0.685,6.76,2.91,USD,EQUITY,Technology,Information Technology Services,0.0037157126128858
DIS,DIS,Walt Disney Company (The),103.08,15.1811495,14.053725,182608265216.0,1.441,1.5,1.46,USD,EQUITY,Communication Services,Entertainment,0.0036500608043532
LIN,LIN,Linde plc,507.92,33.659378,25.769663,234835443712.0,,6.4,1.26,USD,EQUITY,Basic Materials,Specialty Chemicals,0.0036349300231416
TMO,TMO,Thermo Fisher Scientific Inc,469.21,25.766613,17.149927,174368456704.0,0.972,1.76,0.38,USD,EQUITY,Healthcare,Diagnostics & Research,0.0036063330205653
MS,MS,Morgan Stanley,190.17,17.209955,15.024222,301963378688.0,1.182,4.0,2.1,USD,EQUITY,Financial Services,Capital Markets,0.0035778648319882
ABT,ABT,Abbott Laboratories,89.46,25.058825,14.75276,155822604288.0,0.782,2.52,2.82,USD,EQUITY,Healthcare,Medical Devices,0.0035645619125812
ADBE,ADBE,Adobe Inc.,250.71,14.61866,9.501518,101336981504.0,1.518,,,USD,EQUITY,Technology,Software - Infrastructure,0.003541476793231
AMD,AMD,"Advanced Micro Devices, Inc.",360.54,138.66924,32.369133,587828363264.0,1.963,,,USD,EQUITY,Technology,Semiconductors,0.003480503261541
PM,PM,Philip Morris International Inc,166.38,23.433804,18.20942,259313025024.0,0.451,5.88,3.53,USD,EQUITY,Consumer Defensive,Tobacco,0.0034748504787919
ISRG,ISRG,"Intuitive Surgical, Inc.",457.78,55.55583,38.830322,162128674816.0,1.679,,,USD,EQUITY,Healthcare,Medical Instruments & Supplies,0.0033606054313921
PLTR,PLTR,Palantir Technologies Inc.,144.07,228.68256,77.162445,345358434304.0,1.674,,,USD,EQUITY,Technology,Software - Infrastructure,0.0033012985229311
GE,GE,GE Aerospace,286.51,35.591305,32.979458,299354161152.0,1.428,1.88,0.66,USD,EQUITY,Industrials,Aerospace & Defense,0.0032784613042062
INTU,INTU,Intuit Inc.,399.04,25.979168,15.067962,111042494464.0,1.213,4.64,1.16,USD,EQUITY,Technology,Software - Application,0.0032401510776038
GS,GS,"Goldman Sachs Group, Inc. (The)",923.71,16.862177,14.133632,274113658880.0,1.311,18.0,1.95,USD,EQUITY,Financial Services,Capital Markets,0.0031971277914314
CAT,CAT,"Caterpillar, Inc.",889.67,44.240177,30.703081,413952180224.0,1.519,6.04,0.68,USD,EQUITY,Industrials,Farm & Heavy Construction Machinery,0.0031795032655226
TXN,TXN,Texas Instruments Incorporated,281.02,48.037605,30.749332,255754272768.0,0.994,5.68,2.02,USD,EQUITY,Technology,Semiconductors,0.0030668986069218
QCOM,QCOM,QUALCOMM Incorporated,177.01,19.053822,16.649485,186568540160.0,1.279,3.68,2.08,USD,EQUITY,Technology,Semiconductors,0.003056010434153
VZ,VZ,Verizon Communications Inc.,48.11,11.734147,9.1467705,200907358208.0,0.27,2.83,5.88,USD,EQUITY,Communication Services,Telecom Services,0.0030241609517909
BKNG,BKNG,Booking Holdings Inc. Common St,169.63,22.37863,13.776228,131442638848.0,1.198,1.61,0.95,USD,EQUITY,Consumer Cyclical,Travel Services,0.0030061903672209
DHR,DHR,Danaher Corporation,175.15,33.878143,19.263384,123966021632.0,0.986,1.6,0.91,USD,EQUITY,Healthcare,Diagnostics & Research,0.0029699252470853
T,T,AT&T Inc.,26.12,8.592106,10.222893,181490614272.0,0.539,1.11,4.25,USD,EQUITY,Communication Services,Telecom Services,0.0029368551268046
BLK,BLK,"BlackRock, Inc.",1061.68,26.735836,17.502687,164947886080.0,1.493,22.92,2.16,USD,EQUITY,Financial Services,Asset Management,0.0028664127344873
RTX,RTX,RTX Corporation,173.99,32.704887,23.059847,234309451776.0,0.428,2.77,1.59,USD,EQUITY,Industrials,Aerospace & Defense,0.0027893156400089
SPGI,SPGI,S&P Global Inc.,426.06,26.948765,19.199806,126113759232.0,1.204,3.88,0.91,USD,EQUITY,Financial Services,Financial Data & Stock Exchanges,0.0027456223441796
PFE,PFE,"Pfizer, Inc.",26.33,19.360294,9.355258,149774417920.0,0.388,1.72,6.53,USD,EQUITY,Healthcare,Drug Manufacturers - General,0.0026875684982136
HON,HON,Honeywell International Inc.,212.5,33.89155,18.516775,134651289600.0,0.915,4.76,2.24,USD,EQUITY,Industrials,Conglomerates,0.0026710623254232
NEE,NEE,"NextEra Energy, Inc.",96.95,24.606598,22.086042,202173841408.0,0.733,2.49,2.57,USD,EQUITY,Utilities,Utilities - Regulated Electric,0.0026515919568084
CMCSA,CMCSA,Comcast Corporation,27.19,5.3313727,7.1322713,97128898560.0,0.79,1.32,4.85,USD,EQUITY,Communication Services,Telecom Services,0.0026312290280347
ANET,ANET,"Arista Networks, Inc.",172.7,62.8,40.055477,217458556928.0,1.475,,,USD,EQUITY,Technology,Computer Hardware,0.0025568019500418
AMGN,AMGN,Amgen Inc.,329.82,22.936022,14.022954,177999069184.0,0.465,10.08,3.06,USD,EQUITY,Healthcare,Drug Manufacturers - General,0.0025471211505921
PGR,PGR,Progressive Corporation (The),199.31,10.1430025,12.351922,116476764160.0,0.327,13.9,6.97,USD,EQUITY,Financial Services,Insurance - Property & Casualty,0.0025291591143195
LOW,LOW,"Lowe's Companies, Inc.",233.33,19.690294,17.100351,130679480320.0,0.965,4.8,2.06,USD,EQUITY,Consumer Cyclical,Home Improvement Retail,0.0025165297417959
SYK,SYK,Stryker Corporation,294.73,35.086906,17.604187,112876953600.0,,3.52,1.19,USD,EQUITY,Healthcare,Medical Devices,0.0025006302033538
UNP,UNP,Union Pacific Corporation,266.32,21.937397,19.458422,158117707776.0,0.968,5.52,2.07,USD,EQUITY,Industrials,Railroads,0.0024685471166568
TJX,TJX,"TJX Companies, Inc. (The)",156.83,32.137295,27.663858,174154547200.0,0.727,1.92,1.22,USD,EQUITY,Consumer Cyclical,Apparel Retail,0.0024674573561195
KKR,KKR,KKR & Co. Inc.,103.68,44.307693,13.560421,96020070400.0,1.927,0.74,0.71,USD,EQUITY,Financial Services,Asset Management,0.0024501679824236
SCHW,SCHW,Charles Schwab Corporation (The,91.54,18.198807,13.0999365,160397344768.0,0.901,1.28,1.4,USD,EQUITY,Financial Services,Capital Markets,0.0024473320110606
ETN,ETN,"Eaton Corporation, PLC",425.55,40.644695,27.477938,165107154944.0,1.164,4.4,1.03,USD,EQUITY,Industrials,Specialty Industrial Machinery,0.002404083079313
AMAT,AMAT,"Applied Materials, Inc.",389.08,39.823948,27.651335,308777713664.0,1.637,2.12,0.54,USD,EQUITY,Technology,Semiconductor Equipment & Materials,0.0023948302842723
BA,BA,Boeing Company (The),227.38,90.23016,53.017654,179244187648.0,1.128,,,USD,EQUITY,Industrials,Aerospace & Defense,0.0023872432281541
BSX,BSX,Boston Scientific Corporation,56.5,23.640167,15.009352,83968892928.0,0.782,,,USD,EQUITY,Healthcare,Medical Devices,0.002358603926244
C,C,"Citigroup, Inc.",127.44,15.752781,10.27466,222933221376.0,1.085,2.4,1.88,USD,EQUITY,Financial Services,Banks - Diversified,0.0023542700868338
UBER,UBER,"Uber Technologies, Inc.",75.12,15.881607,17.426,154605682688.0,1.206,,,USD,EQUITY,Technology,Software - Application,0.0023007186880755
COP,COP,ConocoPhillips,123.19,20.879662,14.480284,150081650688.0,0.192,3.36,2.73,USD,EQUITY,Energy,Oil & Gas E&P,0.0022137070424282
PANW,PANW,"Palo Alto Networks, Inc.",181.08,101.16202,45.61542,146855886848.0,0.766,,,USD,EQUITY,Technology,Software - Infrastructure,0.002205099938612
ADP,ADP,"Automatic Data Processing, Inc.",214.21,20.000935,17.663702,85627084800.0,0.856,6.8,3.17,USD,EQUITY,Technology,Software - Application,0.0021553625543498
DE,DE,Deere & Company,577.26,32.57675,25.080967,155922137088.0,0.992,6.48,1.12,USD,EQUITY,Industrials,Farm & Heavy Construction Machinery,0.0021131364706045
FI,FI,,,,,,,,,,,Technology,Information Technology Services,0.0021090396253712
BMY,BMY,Bristol-Myers Squibb Company,58.22,16.308125,9.491236,118869835776.0,,2.52,4.33,USD,EQUITY,Healthcare,Drug Manufacturers - General,0.0020919443569806
LMT,LMT,Lockheed Martin Corporation,512.77,24.81946,15.974185,118226108416.0,0.24,13.5,2.63,USD,EQUITY,Industrials,Aerospace & Defense,0.0020854548727749
GILD,GILD,"Gilead Sciences, Inc.",131.65,19.417402,13.687137,163404464128.0,0.404,3.28,2.49,USD,EQUITY,Healthcare,Drug Manufacturers - General,0.0020756019283012
NKE,NKE,"Nike, Inc.",44.4,29.210527,24.051483,65751388160.0,1.319,1.64,3.69,USD,EQUITY,Consumer Cyclical,Footwear & Accessories,0.0020604530188037
CB,CB,Chubb Limited,326.22,11.53536,11.152111,126527717376.0,0.503,3.88,1.19,USD,EQUITY,Financial Services,Insurance - Property & Casualty,0.0019813127338562
UPS,UPS,"United Parcel Service, Inc.",107.57,17.378029,13.573073,91399315456.0,1.098,6.56,6.1,USD,EQUITY,Industrials,Integrated Freight & Logistics,0.0019295908181313
ADI,ADI,"Analog Devices, Inc.",397.69,72.43898,30.251005,194153906176.0,1.053,4.07,1.02,USD,EQUITY,Technology,Semiconductors,0.0018909858226522
MMC,MMC,,,,,,,,,,NONE,Financial Services,Insurance Brokers,0.0018709147150666
MDT,MDT,Medtronic plc.,80.0,22.346369,13.203433,102710796288.0,0.764,2.84,3.55,USD,EQUITY,Healthcare,Medical Devices,0.0018693636412372
VRTX,VRTX,Vertex Pharmaceuticals Incorpor,423.92,27.70719,19.515295,107828183040.0,0.367,,,USD,EQUITY,Healthcare,Biotechnology,0.0018406599323276
MU,MU,"Micron Technology, Inc.",542.21,25.575943,5.343592,611468705792.0,1.606,0.6,0.11,USD,EQUITY,Technology,Semiconductors,0.0018064848709125
SBUX,SBUX,Starbucks Corporation,105.9,80.8397,35.106445,120694226944.0,0.944,2.48,2.34,USD,EQUITY,Consumer Cyclical,Restaurants,0.0017944556478219
PLD,PLD,"Prologis, Inc.",141.41,35.619648,41.617126,131826737152.0,1.412,4.28,3.03,USD,EQUITY,Real Estate,REIT - Industrial,0.0017216272488319
GEV,GEV,GE Vernova Inc.,1062.95,31.05317,43.879982,285635903488.0,1.196,1.5,0.14,USD,EQUITY,Utilities,Utilities - Renewable,0.0016993695457186
LRCX,LRCX,Lam Research Corporation,256.72,48.5293,32.43888,321046577152.0,1.79,1.04,0.41,USD,EQUITY,Technology,Semiconductor Equipment & Materials,0.0016618796609002
MO,MO,"Altria Group, Inc.",74.55,15.563675,12.801053,124640010240.0,0.447,4.24,5.69,USD,EQUITY,Consumer Defensive,Tobacco,0.0016416770863955
SO,SO,Southern Company (The),96.71,24.734015,19.658543,109021577216.0,0.405,3.04,3.14,USD,EQUITY,Utilities,Utilities - Regulated Electric,0.0016333917228083
EQIX,EQIX,"Equinix, Inc.",1085.03,75.19266,49.595066,107010269184.0,0.998,19.7,1.82,USD,EQUITY,Real Estate,REIT - Specialty,0.001609602547996
CRWD,CRWD,"CrowdStrike Holdings, Inc.",455.64,,73.82779,115556728832.0,1.072,,,USD,EQUITY,Technology,Software - Infrastructure,0.0016054688566531
PYPL,PYPL,"PayPal Holdings, Inc.",50.44,9.323475,8.710157,45379555328.0,1.411,0.56,1.11,USD,EQUITY,Financial Services,Credit Services,0.0015715605610715
SHW,SHW,Sherwin-Williams Company (The),318.0,30.576923,23.94948,78430126080.0,1.269,3.2,1.01,USD,EQUITY,Basic Materials,Specialty Chemicals,0.0015653776364975
ICE,ICE,Intercontinental Exchange Inc.,154.75,22.525473,17.69166,87655161856.0,1.043,2.08,1.34,USD,EQUITY,Financial Services,Financial Data & Stock Exchanges,0.0015527279249214
CME,CME,CME Group Inc.,289.54,24.683718,22.499939,104917532672.0,0.296,5.2,1.8,USD,EQUITY,Financial Services,Financial Data & Stock Exchanges,0.0015464776456592
AMT,AMT,American Tower Corporation (REI,181.61,29.339256,26.424303,84610834432.0,0.93,6.89,3.79,USD,EQUITY,Real Estate,REIT - Specialty,0.0015446400564816
APH,APH,Amphenol Corporation,142.3,40.77364,27.395256,174947991552.0,1.26,1.0,0.7,USD,EQUITY,Technology,Electronic Components,0.00153091193297
ELV,ELV,"Elevance Health, Inc.",372.68,15.798219,12.752196,80932077568.0,0.498,6.88,1.85,USD,EQUITY,Healthcare,Healthcare Plans,0.0015270003499757
TT,TT,Trane Technologies plc,486.48,37.16425,28.678432,107571470336.0,1.212,4.2,0.86,USD,EQUITY,Industrials,Building Products & Equipment,0.0015267170770852
MCO,MCO,Moody's Corporation,455.77,32.671684,24.545172,79612272640.0,1.446,4.12,0.9,USD,EQUITY,Financial Services,Financial Data & Stock Exchanges,0.0015205692300076
CMG,CMG,"Chipotle Mexican Grill, Inc.",32.98,30.25688,24.28643,42392428544.0,1.064,,,USD,EQUITY,Consumer Cyclical,Restaurants,0.001516725443855
INTC,INTC,Intel Corporation,99.62,,67.28808,500690124800.0,1.349,,,USD,EQUITY,Technology,Semiconductors,0.0015146801900038
KLAC,KLAC,KLA Corporation,1726.26,48.778187,34.798775,226817327104.0,1.435,7.6,0.44,USD,EQUITY,Technology,Semiconductor Equipment & Materials,0.0015145861587321
ABNB,ABNB,"Airbnb, Inc.",141.66,35.238808,24.566456,84220452864.0,1.16,,,USD,EQUITY,Consumer Cyclical,Travel Services,0.0015085792111776
DUK,DUK,Duke Energy Corporation (Holdin,128.6,20.38035,17.950867,100078673920.0,0.454,4.26,3.31,USD,EQUITY,Utilities,Utilities - Regulated Electric,0.0015048676288662
PH,PH,Parker-Hannifin Corporation,882.23,32.578655,25.923399,111352004608.0,1.25,8.0,0.91,USD,EQUITY,Industrials,Specialty Industrial Machinery,0.0014988088019894
CDNS,CDNS,"Cadence Design Systems, Inc.",340.94,79.28837,36.344913,94130831360.0,1.041,,,USD,EQUITY,Technology,Software - Application,0.001487554968429
WM,WM,"Waste Management, Inc.",228.77,33.107094,24.739382,91868487680.0,0.547,3.42,1.49,USD,EQUITY,Industrials,Waste Management,0.0014863153179179
DELL,DELL,Dell Technologies Inc.,210.17,24.213133,14.260657,136650162176.0,0.954,2.52,1.2,USD,EQUITY,Technology,Computer Hardware,0.0014589501544775
MDLZ,MDLZ,"Mondelez International, Inc.",61.37,30.381187,18.109495,78777589760.0,0.389,2.0,3.26,USD,EQUITY,Consumer Defensive,Confectioners,0.0014287891082413
MAR,MAR,Marriott International,354.97,37.325974,27.214405,94061568000.0,1.097,2.68,0.75,USD,EQUITY,Consumer Cyclical,Lodging,0.001419699467774
MSI,MSI,"Motorola Solutions, Inc.",435.9,34.241947,23.876532,72448155648.0,0.992,4.84,1.11,USD,EQUITY,Technology,Communication Equipment,0.0014129771161556
WELL,WELL,Welltower Inc.,216.91,105.29612,65.00793,153119899648.0,0.821,2.96,1.36,USD,EQUITY,Real Estate,REIT - Healthcare Facilities,0.0013963394764462
AON,AON,Aon plc,311.51,18.313345,14.578491,66530304000.0,,3.28,1.05,USD,EQUITY,Financial Services,Insurance Brokers,0.0013947705690998
REGN,REGN,"Regeneron Pharmaceuticals, Inc.",701.42,17.124512,13.078754,73536192512.0,0.397,3.76,0.54,USD,EQUITY,Healthcare,Biotechnology,0.001387599579251
CI,CI,The Cigna Group,282.9,11.99237,8.444489,74826481664.0,0.272,6.24,2.21,USD,EQUITY,Healthcare,Healthcare Plans,0.0013857975097231
HCA,HCA,"HCA Healthcare, Inc.",433.09,14.923845,13.066419,96076603392.0,1.366,3.12,0.72,USD,EQUITY,Healthcare,Medical Care Facilities,0.0013836367064722
PNC,PNC,"PNC Financial Services Group, I",220.71,12.817074,10.525473,89027993600.0,0.956,6.8,3.08,USD,EQUITY,Financial Services,Banks - Regional,0.0013760418389788
ITW,ITW,Illinois Tool Works Inc.,255.47,23.698517,21.007803,73626451968.0,1.145,6.44,2.52,USD,EQUITY,Industrials,Specialty Industrial Machinery,0.0013750642379991
SNPS,SNPS,"Synopsys, Inc.",489.02,75.23384,28.682415,93677666304.0,1.148,,,USD,EQUITY,Technology,Software - Infrastructure,0.0013687790286249
CTAS,CTAS,Cintas Corporation,169.61,35.858353,31.265265,67858771968.0,1.006,1.8,1.06,USD,EQUITY,Industrials,Specialty Business Services,0.0013570728722232
CL,CL,Colgate-Palmolive Company,87.26,33.178707,21.418701,70008864768.0,,2.12,2.43,USD,EQUITY,Consumer Defensive,Household & Personal Products,0.0013527545081791
USB,USB,U.S. Bancorp,56.3,11.802935,9.981207,87546503168.0,1.034,2.06,3.66,USD,EQUITY,Financial Services,Banks - Regional,0.0013449662723025
FTNT,FTNT,"Fortinet, Inc.",86.29,35.657024,26.087458,63173083136.0,0.998,,,USD,EQUITY,Technology,Software - Infrastructure,0.0013401975014147
ZTS,ZTS,Zoetis Inc.,114.16,18.963455,15.073414,48190099456.0,0.974,2.12,1.86,USD,EQUITY,Healthcare,Drug Manufacturers - Specialty & Generic,0.0013380109058871
MCK,MCK,McKesson Corporation,814.02,23.472319,18.455801,99707240448.0,0.423,3.28,0.4,USD,EQUITY,Healthcare,Medical Distribution,0.0013240166060798
GD,GD,General Dynamics Corporation,345.84,21.79206,19.186802,93525573632.0,0.387,6.09,1.76,USD,EQUITY,Industrials,Aerospace & Defense,0.001304237614451
TDG,TDG,Transdigm Group Incorporated,1154.45,37.180355,25.215734,65195905024.0,0.955,,,USD,EQUITY,Industrials,Aerospace & Defense,0.0012910248943203
CEG,CEG,Constellation Energy Corporatio,307.81,41.652233,22.549986,111517917184.0,1.188,1.71,0.55,USD,EQUITY,Utilities,Utilities - Renewable,0.0012774583041531
AJG,AJG,Arthur J. Gallagher & Co.,208.11,33.67476,14.001574,53472198656.0,0.683,2.8,1.35,USD,EQUITY,Financial Services,Insurance Brokers,0.0012723284413913
EMR,EMR,Emerson Electric Company,137.45,33.688725,19.22953,77246898176.0,1.278,2.22,1.62,USD,EQUITY,Industrials,Specialty Industrial Machinery,0.0012714983722344
MMM,MMM,3M Company,142.5,27.456648,15.075472,74323337216.0,1.158,3.12,2.19,USD,EQUITY,Industrials,Conglomerates,0.0012665954815077
ORLY,ORLY,"O'Reilly Automotive, Inc.",96.67,31.591503,26.777576,80457736192.0,0.598,,,USD,EQUITY,Consumer Cyclical,Specialty Retail,0.001266226430874
NOC,NOC,Northrop Grumman Corporation,568.14,17.826796,18.801794,80694902784.0,0.046,9.24,1.63,USD,EQUITY,Industrials,Aerospace & Defense,0.0012307758308371
COF,COF,Capital One Financial Corporati,191.91,59.231483,7.9894257,121708535808.0,1.144,3.2,1.67,USD,EQUITY,Financial Services,Credit Services,0.0012262262943013
ECL,ECL,Ecolab Inc.,259.51,35.06892,27.08395,73291800576.0,1.024,2.76,1.06,USD,EQUITY,Basic Materials,Specialty Chemicals,0.0012139545501174
EOG,EOG,"EOG Resources, Inc.",138.95,15.235745,9.844312,74437713920.0,0.333,4.08,2.94,USD,EQUITY,Energy,Oil & Gas E&P,0.0012045879742903
FDX,FDX,FedEx Corporation,393.67,21.006939,17.61131,93932322816.0,1.286,5.8,1.47,USD,EQUITY,Industrials,Integrated Freight & Logistics,0.0011947972260496
BDX,BDX,"Becton, Dickinson and Company",149.31,24.397058,11.056912,42473717760.0,0.352,4.2,2.81,USD,EQUITY,Healthcare,Medical Instruments & Supplies,0.0011879455445866
APD,APD,"Air Products and Chemicals, Inc",301.07,31.758442,21.181633,67035041792.0,0.808,7.24,2.4,USD,EQUITY,Basic Materials,Specialty Chemicals,0.0011802194312508
WMB,WMB,"Williams Companies, Inc. (The)",75.54,35.299065,29.07196,92374614016.0,0.653,2.1,2.78,USD,EQUITY,Energy,Oil & Gas Midstream,0.0011731177120881
SPG,SPG,"Simon Property Group, Inc.",202.44,14.286521,29.286077,77057368064.0,1.403,8.65,4.27,USD,EQUITY,Real Estate,REIT - Retail,0.001159265711956
ADSK,ADSK,"Autodesk, Inc.",244.35,46.72084,17.325119,51557851136.0,1.433,,,USD,EQUITY,Technology,Software - Application,0.0011558944403128
RCL,RCL,Royal Caribbean Cruises Ltd.,265.55,16.211843,13.248511,71838793728.0,1.941,4.25,1.6,USD,EQUITY,Consumer Cyclical,Travel Services,0.0011533816093309
RSG,RSG,"Republic Services, Inc.",206.56,30.110786,25.665972,63817990144.0,0.535,2.5,1.21,USD,EQUITY,Industrials,Waste Management,0.0011478148990938
CARR,CARR,Carrier Global Corporation,67.62,45.08,21.17824,56163848192.0,1.319,0.96,1.42,USD,EQUITY,Industrials,Building Products & Equipment,0.0011055825515098
CSX,CSX,CSX Corporation,45.09,27.662577,20.950266,83783483392.0,1.246,0.56,1.24,USD,EQUITY,Industrials,Railroads,0.0011050266174083
HLT,HLT,Hilton Worldwide Holdings Inc.,318.61,48.568596,30.540577,72531042304.0,1.11,0.6,0.19,USD,EQUITY,Consumer Cyclical,Lodging,0.0010939338013469
DLR,DLR,"Digital Realty Trust, Inc.",200.7,53.236073,64.50866,71271178240.0,1.091,4.88,2.43,USD,EQUITY,Real Estate,REIT - Specialty,0.0010862428391996
TGT,TGT,Target Corporation,128.89,15.853628,15.144963,58538778624.0,1.032,4.56,3.54,USD,EQUITY,Consumer Defensive,Discount Stores,0.001083896552633
KMI,KMI,"Kinder Morgan, Inc.",32.53,21.832214,22.025118,72373583872.0,0.63,1.18,3.61,USD,EQUITY,Energy,Oil & Gas Midstream,0.0010731975477909
OKE,OKE,"ONEOK, Inc.",90.36,16.10695,14.696937,56929767424.0,0.809,4.28,4.74,USD,EQUITY,Energy,Oil & Gas Midstream,0.0010519823685024
TFC,TFC,Truist Financial Corporation,50.93,12.606436,9.933801,63452618752.0,0.869,2.08,4.08,USD,EQUITY,Financial Services,Banks - Regional,0.0010346446527107
AFL,AFL,AFLAC Incorporated,112.88,12.900571,14.673842,57628622848.0,0.652,2.44,2.16,USD,EQUITY,Financial Services,Insurance - Life,0.0010263507408261
GM,GM,General Motors Company,75.77,27.653284,5.403717,68319170560.0,1.345,0.72,0.95,USD,EQUITY,Consumer Cyclical,Auto Manufacturers,0.0010249673167954
BK,BK,The Bank of New York Mellon Cor,133.78,16.618633,13.913199,91823783936.0,1.053,2.12,1.58,USD,EQUITY,Financial Services,Banks - Diversified,0.0010153513664986
ROP,ROP,"Roper Technologies, Inc.",358.22,22.360798,14.992946,36870692864.0,0.89,3.64,1.02,USD,EQUITY,Technology,Software - Application,0.0010135940281477
MET,MET,"MetLife, Inc.",80.23,17.033972,7.3231487,51763200000.0,0.733,2.37,2.95,USD,EQUITY,Financial Services,Insurance - Life,0.0010135431068243
CPRT,CPRT,"Copart, Inc.",33.27,20.924528,19.804398,32049270784.0,1.142,,,USD,EQUITY,Industrials,Specialty Business Services,0.0010092487664436
FCX,FCX,"Freeport-McMoRan, Inc.",56.55,29.920635,15.316984,81177616384.0,1.473,0.6,1.06,USD,EQUITY,Basic Materials,Copper,0.0010046160313924
CVS,CVS,CVS Health Corporation,82.09,59.057552,10.032534,105206898688.0,0.505,2.66,3.24,USD,EQUITY,Healthcare,Healthcare Plans,0.0010043276000465
PCAR,PCAR,PACCAR Inc.,116.08,24.697874,17.218977,61091307520.0,1.064,1.4,1.21,USD,EQUITY,Industrials,Farm & Heavy Construction Machinery,0.0009934664723222
SRE,SRE,DBA Sempra,94.67,34.425453,17.110159,61850992640.0,0.677,2.63,2.78,USD,EQUITY,Utilities,Utilities - Diversified,0.0009892562147636
AZO,AZO,"AutoZone, Inc.",3594.08,25.189796,20.539808,59546079232.0,0.406,,,USD,EQUITY,Consumer Cyclical,Specialty Retail,0.0009839571546666
TRV,TRV,"The Travelers Companies, Inc.",304.72,9.090692,10.693678,64797089792.0,0.522,5.0,1.64,USD,EQUITY,Financial Services,Insurance - Property & Casualty,0.0009833502255494
NXPI,NXPI,NXP Semiconductors N.V.,295.24,28.25263,17.18925,74539556864.0,1.467,4.06,1.37,USD,EQUITY,Technology,Semiconductors,0.0009613408652148
JCI,JCI,Johnson Controls International ,145.08,48.848484,26.050467,88798560256.0,1.402,1.6,1.1,USD,EQUITY,Industrials,Building Products & Equipment,0.0009607083648975
GWW,GWW,"W.W. Grainger, Inc.",1148.62,32.465233,23.636765,54364164096.0,1.092,9.27,0.81,USD,EQUITY,Industrials,Industrial Distribution,0.0009576276616746
NSC,NSC,Norfolk Southern Corporation,315.9,26.590908,23.435743,70949240832.0,1.31,5.4,1.71,USD,EQUITY,Industrials,Railroads,0.0009530709769936
PSA,PSA,Public Storage,301.55,31.151857,29.93043,52935815168.0,0.999,12.0,3.98,USD,EQUITY,Real Estate,REIT - Industrial,0.000937649701054
SLB,SLB,SLB Limited,56.92,25.07489,17.036049,85098676224.0,0.695,1.18,2.07,USD,EQUITY,Energy,Oil & Gas Equipment & Services,0.0009357164593759
AMP,AMP,"Ameriprise Financial, Inc.",467.19,11.641913,9.85521,42093817856.0,1.266,6.8,1.46,USD,EQUITY,Financial Services,Asset Management,0.0009287703781801
ALL,ALL,Allstate Corporation (The),216.59,4.791814,8.325607,55754797056.0,0.224,4.32,1.99,USD,EQUITY,Financial Services,Insurance - Property & Casualty,0.0009221471425966
FICO,FICO,Fair Isaac Corporation,1035.5,32.78974,19.192627,24014182400.0,1.376,,,USD,EQUITY,Technology,Software - Application,0.0009159527220365
MNST,MNST,Monster Beverage Corporation,77.12,39.75258,30.417534,75416117248.0,0.509,,,USD,EQUITY,Consumer Defensive,Beverages - Non-Alcoholic,0.000904937872343
PAYX,PAYX,"Paychex, Inc.",93.02,20.534214,15.76554,33328216064.0,,4.32,4.64,USD,EQUITY,Technology,Software - Application,0.0009039385321586
CHTR,CHTR,"Charter Communications, Inc.",171.74,4.646645,3.8840213,24245972992.0,1.026,,,USD,EQUITY,Communication Services,Telecom Services,0.0008991615814345
AEP,AEP,American Electric Power Company,136.91,20.58797,19.910706,74419273728.0,0.57,3.8,2.78,USD,EQUITY,Utilities,Utilities - Regulated Electric,0.0008886857903243
ROST,ROST,"Ross Stores, Inc.",228.84,34.62027,28.154493,74017136640.0,0.927,1.78,0.78,USD,EQUITY,Consumer Cyclical,Apparel Retail,0.0008853304362004
PWR,PWR,"Quanta Services, Inc.",742.21,102.09216,46.04389,111373598720.0,1.106,0.44,0.06,USD,EQUITY,Industrials,Engineering & Construction,0.0008721671635488
CMI,CMI,Cummins Inc.,657.44,32.054607,20.828125,90895958016.0,1.14,7.82,1.19,USD,EQUITY,Industrials,Specialty Industrial Machinery,0.0008672331010134
AXON,AXON,"Axon Enterprise, Inc.",402.31,262.94772,38.20673,32415000576.0,1.605,,,USD,EQUITY,Industrials,Aerospace & Defense,0.0008666283089706
VST,VST,Vistra Corp.,155.28,71.5576,13.855317,52569931776.0,1.498,0.92,0.59,USD,EQUITY,Utilities,Utilities - Independent Power Producers,0.0008566472874199
URI,URI,"United Rentals, Inc.",949.23,24.270773,17.643463,59465990144.0,1.681,7.88,0.83,USD,EQUITY,Industrials,Rental & Leasing Services,0.0008531704148266
MSCI,MSCI,MSCI Inc.,588.85,33.66781,26.214603,42825641984.0,1.294,8.2,1.39,USD,EQUITY,Financial Services,Financial Data & Stock Exchanges,0.0008527671710033
LULU,LULU,lululemon athletica inc.,133.58,10.073907,10.084813,15670419456.0,1.07,,,USD,EQUITY,Consumer Cyclical,Apparel Retail,0.0008313275252152
O,O,Realty Income Corporation,63.81,54.538464,35.08994,59499675648.0,0.796,3.24,5.07,USD,EQUITY,Real Estate,REIT - Retail,0.000831239389321
PSX,PSX,Phillips 66,176.19,17.427301,11.318202,70640738304.0,0.755,5.08,2.88,USD,EQUITY,Energy,Oil & Gas Refining & Marketing,0.0008200705228894
AIG,AIG,"American International Group, I",78.77,13.867957,8.919633,41976532992.0,,2.0,2.54,USD,EQUITY,Financial Services,Insurance - Diversified,0.0008157558434562
FANG,FANG,"Diamondback Energy, Inc.",207.65,36.23909,12.09319,58414383104.0,0.488,4.2,2.02,USD,EQUITY,Energy,Oil & Gas E&P,0.0008139387407156
D,D,"Dominion Energy, Inc.",63.94,18.426512,16.788145,56201003008.0,0.658,2.67,4.14,USD,EQUITY,Utilities,Utilities - Regulated Electric,0.0008109550901453
HWM,HWM,Howmet Aerospace Inc.,239.51,64.55795,42.645664,96029155328.0,1.235,0.48,0.2,USD,EQUITY,Industrials,Aerospace & Defense,0.0008100729942817
DHI,DHI,"D.R. Horton, Inc.",149.98,14.082629,12.460857,42531270656.0,1.445,1.8,1.2,USD,EQUITY,Consumer Cyclical,Residential Construction,0.000805845566436
KR,KR,Kroger Company (The),67.77,44.006493,12.0526495,42888183808.0,0.546,1.4,2.07,USD,EQUITY,Consumer Defensive,Grocery Stores,0.0008051995804427
NDAQ,NDAQ,"Nasdaq, Inc.",91.32,27.506025,20.638268,51645186048.0,1.024,1.12,1.23,USD,EQUITY,Financial Services,Financial Data & Stock Exchanges,0.0008034664131397
OXY,OXY,Occidental Petroleum Corporatio,58.71,43.488888,16.388546,58222424064.0,0.23,1.04,1.77,USD,EQUITY,Energy,Oil & Gas E&P,0.0007956475949921
EW,EW,Edwards Lifesciences Corporatio,83.98,45.394596,24.970343,48417972224.0,0.945,,,USD,EQUITY,Healthcare,Medical Devices,0.0007938273971783
COR,COR,"Cencora, Inc.",304.0,36.4946,15.51672,59137327104.0,0.718,2.4,0.79,USD,EQUITY,Healthcare,Medical Distribution,0.0007917581933559
KDP,KDP,Keurig Dr Pepper Inc.,29.09,21.548147,11.520382,39578677248.0,0.361,0.92,3.16,USD,EQUITY,Consumer Defensive,Beverages - Non-Alcoholic,0.0007899656301242
FIS,FIS,Fidelity National Information S,46.54,63.753426,6.759161,24055093248.0,0.914,1.68,3.61,USD,EQUITY,Technology,Information Technology Services,0.000788994587752
KMB,KMB,Kimberly-Clark Corporation,97.67,18.891682,12.91137,32420614144.0,0.296,5.12,5.24,USD,EQUITY,Consumer Defensive,Household & Personal Products,0.0007878959841485
NEM,NEM,Newmont Corporation,108.62,14.088198,9.582303,115957587968.0,0.475,1.04,0.96,USD,EQUITY,Basic Materials,Gold,0.0007840569142979
DFS,DFS,,,,,,,,,,NONE,Financial Services,Credit Services,0.0007821815210119
PCG,PCG,Pacific Gas & Electric Co.,16.45,12.751939,9.13128,36226596864.0,0.343,0.2,1.22,USD,EQUITY,Utilities,Utilities - Regulated Electric,0.0007821768047099
TEL,TEL,TE Connectivity plc,207.43,21.187946,16.432844,60547944448.0,1.259,2.91,1.4,USD,EQUITY,Technology,Electronic Components,0.0007732753741703
MPC,MPC,Marathon Petroleum Corporation,246.15,18.619514,11.979722,72490401792.0,0.577,3.91,1.59,USD,EQUITY,Energy,Oil & Gas Refining & Marketing,0.000771229088628
FAST,FAST,Fastenal Company,44.91,39.743362,32.90134,51558256640.0,0.837,0.92,2.05,USD,EQUITY,Industrials,Industrial Distribution,0.0007711655659351
AME,AME,"AMETEK, Inc.",230.48,34.86838,26.287815,52826710016.0,1.041,1.36,0.59,USD,EQUITY,Industrials,Specialty Industrial Machinery,0.0007630569162894
PEG,PEG,Public Service Enterprise Group,80.15,18.992893,17.072372,40007192576.0,0.598,2.68,3.34,USD,EQUITY,Utilities,Utilities - Regulated Electric,0.0007624521242466
PRU,PRU,"Prudential Financial, Inc.",98.62,9.871872,6.6987453,34319761408.0,0.94,5.45,5.53,USD,EQUITY,Financial Services,Insurance - Life,0.0007545419277473
KVUE,KVUE,Kenvue Inc.,17.43,22.934212,14.5376005,33464141824.0,0.57,0.83,4.76,USD,EQUITY,Consumer Defensive,Household & Personal Products,0.000750932925005
STZ,STZ,"Constellation Brands, Inc.",152.82,15.902186,12.260627,26319376384.0,0.432,4.12,2.7,USD,EQUITY,Consumer Defensive,Beverages - Brewers,0.000743662671737
GLW,GLW,Corning Incorporated,158.26,76.45411,39.306267,135954210816.0,1.053,1.12,0.71,USD,EQUITY,Technology,Electronic Components,0.0007287766223853
LHX,LHX,"L3Harris Technologies, Inc.",313.37,34.02497,22.99975,58379247616.0,0.746,5.0,1.6,USD,EQUITY,Industrials,Aerospace & Defense,0.0007287110363103
GRMN,GRMN,Garmin Ltd.,242.42,27.02564,23.933733,46752202752.0,0.968,4.2,1.73,USD,EQUITY,Technology,Scientific & Technical Instruments,0.000722012929432
BKR,BKR,Baker Hughes Company,69.12,22.083067,24.694622,68571791360.0,0.898,0.92,1.33,USD,EQUITY,Energy,Oil & Gas Equipment & Services,0.0007178098937109
CBRE,CBRE,CBRE Group Inc,141.81,32.376713,15.996597,41524318208.0,1.348,,,USD,EQUITY,Real Estate,Real Estate Services,0.000711109870835
CTVA,CTVA,"Corteva, Inc.",80.85,46.2,19.983587,54279172096.0,0.68,0.72,0.89,USD,EQUITY,Basic Materials,Agricultural Inputs,0.0007107557060296
HES,HES,,,,,,,,,,,Energy,Oil & Gas E&P,0.0007106126694322
CCI,CCI,Crown Castle Inc.,89.26,37.66245,30.174267,38950150144.0,0.964,4.25,4.76,USD,EQUITY,Real Estate,REIT - Specialty,0.0007088676376819
DAL,DAL,"Delta Air Lines, Inc.",68.98,10.070074,8.6329565,45319475200.0,1.306,0.75,1.09,USD,EQUITY,Industrials,Airlines,0.0007073620319518
CTSH,CTSH,Cognizant Technology Solutions ,52.43,11.373101,8.5198,24799389696.0,0.976,1.32,2.52,USD,EQUITY,Technology,Information Technology Services,0.0007067713151228
F,F,Ford Motor Company,11.88,,6.427667,47651655680.0,1.71,0.6,5.05,USD,EQUITY,Consumer Cyclical,Auto Manufacturers,0.0007064447112074
VRSK,VRSK,"Verisk Analytics, Inc.",181.11,27.608232,20.960278,23729364992.0,0.819,2.0,1.1,USD,EQUITY,Industrials,Consulting Services,0.0007033806624259
EA,EA,Electronic Arts Inc.,202.09,75.68913,21.997124,50573770752.0,0.725,0.76,0.38,USD,EQUITY,Communication Services,Electronic Gaming & Multimedia,0.0006974124769787
ODFL,ODFL,"Old Dominion Freight Line, Inc.",205.81,42.877083,33.224743,42896076800.0,1.205,1.16,0.56,USD,EQUITY,Industrials,Trucking,0.0006966600794209
XEL,XEL,Xcel Energy Inc.,82.58,23.798271,18.22745,51543314432.0,0.44,2.37,2.87,USD,EQUITY,Utilities,Utilities - Regulated Electric,0.0006963322964299
TRGP,TRGP,"Targa Resources, Inc.",254.28,29.950531,21.939716,54657941504.0,0.811,4.25,1.67,USD,EQUITY,Energy,Oil & Gas Midstream,0.0006935877034187
A,A,"Agilent Technologies, Inc.",114.52,25.280352,17.398596,32363614208.0,1.303,1.02,0.89,USD,EQUITY,Healthcare,Diagnostics & Research,0.0006911413428185
IT,IT,"Gartner, Inc.",146.4,15.170984,9.944023,9883491328.0,1.045,,,USD,EQUITY,Technology,Information Technology Services,0.0006817290778155
LVS,LVS,Las Vegas Sands Corp.,53.79,19.84871,14.603594,35643260928.0,0.887,1.1,2.04,USD,EQUITY,Consumer Cyclical,Resorts & Casinos,0.0006815560484848
SYY,SYY,Sysco Corporation,74.05,20.569447,14.934434,35409424384.0,0.693,2.2,2.97,USD,EQUITY,Consumer Defensive,Food Distribution,0.0006802436637534
VLO,VLO,Valero Energy Corporation,246.87,18.019709,13.1213255,73820602368.0,0.612,4.8,1.94,USD,EQUITY,Energy,Oil & Gas Refining & Marketing,0.0006754606702673
OTIS,OTIS,Otis Worldwide Corporation,77.08,20.5,16.342594,29576835072.0,1.045,1.7,2.21,USD,EQUITY,Industrials,Specialty Industrial Machinery,0.0006723978005614
LEN,LEN,Lennar Corporation,88.45,12.726619,11.618834,21785083904.0,1.487,2.0,2.26,USD,EQUITY,Consumer Cyclical,Residential Construction,0.0006711927853933
EXC,EXC,Exelon Corporation,46.5,17.032967,15.292632,47577640960.0,0.505,1.68,3.61,USD,EQUITY,Utilities,Utilities - Regulated Electric,0.0006692535746455
IR,IR,Ingersoll Rand Inc.,77.99,52.695942,20.265038,30520358912.0,1.333,0.08,0.1,USD,EQUITY,Industrials,Specialty Industrial Machinery,0.0006690941783754
YUM,YUM,"Yum! Brands, Inc.",158.36,25.500805,21.122158,43775479808.0,0.662,3.0,1.89,USD,EQUITY,Consumer Cyclical,Restaurants,0.0006645607804357
KHC,KHC,The Kraft Heinz Company,22.49,,10.510377,26622418944.0,0.051,1.6,7.11,USD,EQUITY,Consumer Defensive,Packaged Foods,0.000663947292711
GEHC,GEHC,GE HealthCare Technologies Inc.,61.03,14.635491,11.342305,27762044928.0,1.305,0.14,0.23,USD,EQUITY,Healthcare,Health Information Services,0.000648618353122
IQV,IQV,"IQVIA Holdings, Inc.",157.77,20.123724,11.179047,26484273152.0,1.391,,,USD,EQUITY,Healthcare,Diagnostics & Research,0.0006441683010822
GIS,GIS,"General Mills, Inc.",34.72,8.488997,10.564624,18529413120.0,0.0,2.44,7.03,USD,EQUITY,Consumer Defensive,Packaged Foods,0.0006308421686262
CCL,CCL,Carnival Corporation,26.66,11.7444935,10.2617,36927819776.0,2.482,0.15,0.56,USD,EQUITY,Consumer Cyclical,Travel Services,0.000630672971291
RMD,RMD,ResMed Inc.,205.02,19.770493,16.897593,29866985472.0,0.928,2.4,1.12,USD,EQUITY,Healthcare,Medical Instruments & Supplies,0.0006266409015183
VMC,VMC,Vulcan Materials Company (Holdi,297.32,35.22749,27.765924,38578724864.0,1.095,2.08,0.7,USD,EQUITY,Basic Materials,Building Materials,0.0006251822377318
HSY,HSY,The Hershey Company,182.34,33.892193,18.476841,36958670848.0,0.175,5.81,3.19,USD,EQUITY,Consumer Defensive,Confectioners,0.0006198523742872
ACGL,ACGL,Arch Capital Group Ltd.,93.82,7.216923,9.36431,33137223680.0,0.384,,,USD,EQUITY,Financial Services,Insurance - Diversified,0.0006159175782439
IDXX,IDXX,"IDEXX Laboratories, Inc.",567.46,43.28452,34.60586,45183455232.0,1.722,,,USD,EQUITY,Healthcare,Diagnostics & Research,0.0006073452940013
WAB,WAB,Westinghouse Air Brake Technolo,264.95,37.47525,21.846916,44956012544.0,0.987,1.06,0.4,USD,EQUITY,Industrials,Railroads,0.000596948832565
ROK,ROK,"Rockwell Automation, Inc.",407.43,46.510273,29.65014,45808652288.0,1.541,5.52,1.35,USD,EQUITY,Industrials,Specialty Industrial Machinery,0.0005893188875752
MLM,MLM,"Martin Marietta Materials, Inc.",614.49,38.453693,26.493055,37061148672.0,1.188,3.32,0.54,USD,EQUITY,Basic Materials,Building Materials,0.0005868412077818
EXR,EXR,Extra Space Storage Inc,142.02,31.91461,29.708254,31333888000.0,1.274,6.48,4.56,USD,EQUITY,Real Estate,REIT - Industrial,0.0005833211515481
DD,DD,"DuPont de Nemours, Inc.",46.24,220.19049,18.175745,18952722432.0,1.122,0.8,1.73,USD,EQUITY,Basic Materials,Specialty Chemicals,0.0005811099796654
ETR,ETR,Entergy Corporation,116.43,29.70153,23.26255,53305389056.0,0.565,2.56,2.2,USD,EQUITY,Utilities,Utilities - Regulated Electric,0.0005796235707584
DECK,DECK,Deckers Outdoor Corporation,100.88,14.329545,13.734924,14319911936.0,1.211,,,USD,EQUITY,Consumer Cyclical,Footwear & Accessories,0.0005766377462676
EFX,EFX,"Equifax, Inc.",173.85,30.607397,16.879755,20972326912.0,1.559,2.06,1.18,USD,EQUITY,Industrials,Consulting Services,0.0005763126530427
UAL,UAL,"United Airlines Holdings, Inc.",92.52,8.275492,6.5667644,30029191168.0,1.286,,,USD,EQUITY,Industrials,Airlines,0.0005763055785896
WTW,WTW,Willis Towers Watson Public Lim,256.34,15.061104,11.533853,24167198720.0,0.63,3.84,1.5,USD,EQUITY,Financial Services,Insurance Brokers,0.0005754908742605
TTWO,TTWO,"Take-Two Interactive Software, ",216.03,,27.422806,40003452928.0,0.965,,,USD,EQUITY,Communication Services,Electronic Gaming & Multimedia,0.0005749800766432
HIG,HIG,"The Hartford Insurance Group, I",135.81,9.557354,9.418711,37229707264.0,0.528,2.4,1.77,USD,EQUITY,Financial Services,Insurance - Property & Casualty,0.000570941411417
RJF,RJF,"Raymond James Financial, Inc.",156.2,14.7497635,11.670512,30396518400.0,1.01,2.16,1.38,USD,EQUITY,Financial Services,Asset Management,0.0005691928055941
AVB,AVB,"AvalonBay Communities, Inc.",183.45,22.732342,37.097706,25520107520.0,0.763,7.12,3.88,USD,EQUITY,Real Estate,REIT - Residential,0.0005685381976111
MTB,MTB,M&T Bank Corporation,216.44,12.152723,10.372473,32142338048.0,0.598,6.0,2.77,USD,EQUITY,Financial Services,Banks - Regional,0.0005656221228058
DXCM,DXCM,"DexCom, Inc.",61.35,26.330473,20.110863,23673307136.0,,,,USD,EQUITY,Healthcare,Medical Devices,0.0005624649270593
ED,ED,"Consolidated Edison, Inc.",110.49,19.625221,17.019094,40706863104.0,0.335,3.48,3.15,USD,EQUITY,Utilities,Utilities - Regulated Electric,0.0005611765291452
EBAY,EBAY,eBay Inc.,104.07,24.034643,15.419879,46207078400.0,1.33,1.24,1.19,USD,EQUITY,Consumer Cyclical,Internet Retail,0.0005602442120342
HPQ,HPQ,HP Inc.,20.83,7.890151,7.0039644,19121616896.0,1.131,1.2,5.76,USD,EQUITY,Technology,Computer Hardware,0.0005557693257165
IRM,IRM,Iron Mountain Incorporated (Del,127.19,138.25,47.570602,37836333056.0,1.152,3.46,2.72,USD,EQUITY,Real Estate,REIT - Specialty,0.0005548982099936
EIX,EIX,Edison International,69.88,7.595652,10.731304,26889400320.0,0.767,3.51,5.02,USD,EQUITY,Utilities,Utilities - Regulated Electric,0.0005538821048293
LYV,LYV,"Live Nation Entertainment, Inc.",158.25,,71.07855,37208502272.0,1.147,,,USD,EQUITY,Communication Services,Entertainment,0.0005529477611823
VICI,VICI,VICI Properties Inc.,28.58,9.787671,9.721088,30774376448.0,0.728,1.78,6.24,USD,EQUITY,Real Estate,REIT - Diversified,0.0005460268827255
CNC,CNC,Centene Corporation,53.34,,12.060942,26339131392.0,0.587,,,USD,EQUITY,Healthcare,Healthcare Plans,0.0005411746553995
WEC,WEC,"WEC Energy Group, Inc.",117.46,24.369293,19.564243,38256676864.0,0.525,3.81,3.24,USD,EQUITY,Utilities,Utilities - Regulated Electric,0.0005378569579996
MCHP,MCHP,Microchip Technology Incorporat,93.95,,35.289165,50839678976.0,1.474,1.82,1.94,USD,EQUITY,Technology,Semiconductors,0.0005363092003201
HUM,HUM,Humana Inc.,233.63,24.933832,15.337309,28049969152.0,0.445,3.54,1.52,USD,EQUITY,Healthcare,Healthcare Plans,0.0005353041489888
ANSS,ANSS,,,,,,,,,,,Technology,Software - Application,0.0005323854581097
BRO,BRO,"Brown & Brown, Inc.",57.63,18.771988,11.793427,19533563904.0,0.826,0.65,1.12,USD,EQUITY,Financial Services,Insurance Brokers,0.0005295487498245
CSGP,CSGP,"CoStar Group, Inc.",34.72,496.00003,19.545698,14178110464.0,0.92,,,USD,EQUITY,Real Estate,Real Estate Services,0.0005269199272896
MPWR,MPWR,"Monolithic Power Systems, Inc.",1583.48,113.67408,61.00373,77777371136.0,,8.0,0.51,USD,EQUITY,Technology,Semiconductors,0.0005206180634739
GDDY,GDDY,GoDaddy Inc.,86.76,13.749604,8.196505,11512782848.0,0.977,,,USD,EQUITY,Technology,Software - Infrastructure,0.0005188270109327
TSCO,TSCO,Tractor Supply Company,33.83,16.665026,14.595486,17806465024.0,0.747,0.96,2.84,USD,EQUITY,Consumer Cyclical,Specialty Retail,0.0005182166551274
STT,STT,State Street Corporation,152.0,15.431472,11.034443,42068590592.0,1.384,3.36,2.21,USD,EQUITY,Financial Services,Asset Management,0.0005179222178656
CAH,CAH,"Cardinal Health, Inc.",195.24,29.853212,16.396597,45943099392.0,0.65,2.04,1.05,USD,EQUITY,Healthcare,Medical Distribution,0.0005149989212228
GPN,GPN,Global Payments Inc.,72.36,16.334087,4.465396,19916584960.0,0.765,1.0,1.38,USD,EQUITY,Industrials,Specialty Business Services,0.0005129503143756
FITB,FITB,Fifth Third Bancorp,50.43,16.979797,10.276526,45680652288.0,0.973,1.6,3.17,USD,EQUITY,Financial Services,Banks - Regional,0.0005127591936052
XYL,XYL,Xylem Inc.,115.37,28.770573,18.95846,27422697472.0,1.174,1.72,1.49,USD,EQUITY,Industrials,Specialty Industrial Machinery,0.0005120057643563
HPE,HPE,Hewlett Packard Enterprise Comp,28.57,,10.50781,37908221952.0,1.215,0.57,2.0,USD,EQUITY,Technology,Communication Equipment,0.0005113888130973
KEYS,KEYS,Keysight Technologies Inc.,352.41,62.15344,34.10176,60439195648.0,1.152,,,USD,EQUITY,Technology,Scientific & Technical Instruments,0.0005085284127635
DOW,DOW,Dow Inc.,40.29,,19.4728,29038673920.0,0.495,1.4,3.47,USD,EQUITY,Basic Materials,Chemicals,0.0005030659033244
EQR,EQR,Equity Residential,65.17,26.067999,43.624653,25177683968.0,0.744,2.81,4.31,USD,EQUITY,Real Estate,REIT - Residential,0.000502036975714
ON,ON,ON Semiconductor Corporation,103.03,355.27588,25.391668,40524513280.0,1.524,,,USD,EQUITY,Technology,Semiconductors,0.000501771020495
PPG,PPG,"PPG Industries, Inc.",107.51,15.402579,12.47113,23963979776.0,1.155,2.84,2.64,USD,EQUITY,Basic Materials,Specialty Chemicals,0.0005017533343624
K,K,,,,,,,,,,,Consumer Defensive,Packaged Foods,0.0004992249911683
SW,SW,Smurfit WestRock plc,39.43,54.763885,12.510788,20651532288.0,1.054,1.81,4.59,USD,EQUITY,Consumer Cyclical,Packaging & Containers,0.0004986082978321
NUE,NUE,Nucor Corporation,226.04,22.424603,14.439234,51477364736.0,1.745,2.24,0.99,USD,EQUITY,Basic Materials,Steel,0.0004925018657817
EL,EL,"Estee Lauder Companies, Inc. (T",79.3,,25.860271,28684955648.0,1.252,1.4,1.77,USD,EQUITY,Consumer Defensive,Household & Personal Products,0.0004802516765719
BR,BR,"Broadridge Financial Solutions,",155.25,16.604277,14.955567,17962424320.0,1.015,3.9,2.51,USD,EQUITY,Technology,Information Technology Services,0.0004752946957563
WBD,WBD,"Warner Bros. Discovery, Inc. - ",26.97,93.0,-1541.1428,67607539712.0,1.637,,,USD,EQUITY,Communication Services,Entertainment,0.0004718098644033
TPL,TPL,Texas Pacific Land Corporation,433.62,62.123207,5.930251,29894434816.0,0.773,2.4,0.55,USD,EQUITY,Energy,Oil & Gas E&P,0.000468372306609
CHD,CHD,"Church & Dwight Company, Inc.",96.02,31.585526,23.982157,22744745984.0,0.473,1.23,1.28,USD,EQUITY,Consumer Defensive,Household & Personal Products,0.0004676700934524
MTD,MTD,"Mettler-Toledo International, I",1267.07,30.118135,24.74969,25656270848.0,1.435,,,USD,EQUITY,Healthcare,Diagnostics & Research,0.0004672679918584
DOV,DOV,Dover Corporation,225.79,28.259073,19.475853,30405197824.0,1.254,2.08,0.92,USD,EQUITY,Industrials,Specialty Industrial Machinery,0.0004671671072103
TYL,TYL,"Tyler Technologies, Inc.",335.5,46.275864,23.363964,14147181568.0,0.921,,,USD,EQUITY,Technology,Software - Application,0.0004661739571724
FTV,FTV,Fortive Corporation,59.03,34.520466,18.50064,18017339392.0,1.001,0.26,0.44,USD,EQUITY,Technology,Scientific & Technical Instruments,0.0004647206729179
TROW,TROW,"T. Rowe Price Group, Inc.",103.42,11.096567,10.679471,22224957440.0,1.523,5.2,5.03,USD,EQUITY,Financial Services,Asset Management,0.0004641225131748
VLTO,VLTO,Veralto Corp,87.63,22.58505,18.874792,21521862656.0,1.153,0.52,0.59,USD,EQUITY,Industrials,Pollution & Treatment Controls,0.000463848230735
EQT,EQT,EQT Corporation,58.66,11.13093,12.558822,36690538496.0,0.693,0.66,1.13,USD,EQUITY,Energy,Oil & Gas E&P,0.0004615019810145
SYF,SYF,Synchrony Financial,75.76,7.8426504,7.225678,25483409408.0,1.381,1.2,1.58,USD,EQUITY,Financial Services,Credit Services,0.0004584635402792
NVR,NVR,"NVR, Inc.",6154.14,15.037605,14.658645,16812046336.0,1.072,,,USD,EQUITY,Consumer Cyclical,Residential Construction,0.0004562415724864
DTE,DTE,DTE Energy Company,148.79,24.431854,17.819353,30952501248.0,,4.51,3.03,USD,EQUITY,Utilities,Utilities - Regulated Electric,0.000447791727866
VTR,VTR,"Ventas, Inc.",88.02,160.03635,97.08053,42792656896.0,0.768,2.08,2.36,USD,EQUITY,Real Estate,REIT - Healthcare Facilities,0.0004434930396444
AWK,AWK,"American Water Works Company, I",127.38,22.585106,19.371233,24874833920.0,0.734,3.58,2.81,USD,EQUITY,Utilities,Utilities - Regulated Water,0.0004415245730856
ADM,ADM,Archer-Daniels-Midland Company,74.94,33.60538,15.40552,36113219584.0,0.636,2.08,2.78,USD,EQUITY,Consumer Defensive,Farm Products,0.0004346902461402
NTAP,NTAP,"NetApp, Inc.",112.08,18.805368,13.140017,22198603776.0,1.292,2.08,1.86,USD,EQUITY,Technology,Computer Hardware,0.0004332583326292
WST,WST,"West Pharmaceutical Services, I",300.68,40.14419,31.473906,21242316800.0,1.151,0.88,0.29,USD,EQUITY,Healthcare,Medical Instruments & Supplies,0.0004318044219908
CPAY,CPAY,"Corpay, Inc.",307.22,20.454062,10.3193245,20317071360.0,0.851,,,USD,EQUITY,Technology,Software - Infrastructure,0.0004312278172218
PPL,PPL,PPL Corporation,37.6,23.647797,17.770468,28281407488.0,0.68,1.14,3.03,USD,EQUITY,Utilities,Utilities - Regulated Electric,0.0004305735408538
LYB,LYB,LyondellBasell Industries NV,74.99,,13.122804,24204468224.0,,4.8,6.4,USD,EQUITY,Basic Materials,Specialty Chemicals,0.0004294449813631
AEE,AEE,Ameren Corporation,113.56,21.226168,19.58174,31416737792.0,0.533,3.0,2.64,USD,EQUITY,Utilities,Utilities - Regulated Electric,0.0004288038222101
EXPE,EXPE,"Expedia Group, Inc.",251.84,25.645622,10.875311,30226360320.0,1.332,1.68,0.67,USD,EQUITY,Consumer Cyclical,Travel Services,0.0004266074993096
HBAN,HBAN,Huntington Bancshares Incorpora,16.63,12.792308,8.772438,33711179776.0,0.974,0.62,3.73,USD,EQUITY,Financial Services,Banks - Regional,0.000426570321585
CDW,CDW,CDW Corporation,136.03,16.835396,11.997314,17546997760.0,1.018,2.52,1.85,USD,EQUITY,Technology,Information Technology Services,0.0004184510234137
FE,FE,FirstEnergy Corp.,46.92,25.499998,15.93198,27139989504.0,0.59,1.86,3.96,USD,EQUITY,Utilities,Utilities - Regulated Electric,0.0004125694631702
HUBB,HUBB,Hubbell Inc,508.43,30.29976,23.40491,27028951040.0,0.997,5.68,1.12,USD,EQUITY,Industrials,Electrical Equipment & Parts,0.0004121181351738
HAL,HAL,Halliburton Company,41.66,23.016575,14.600331,34802671616.0,0.693,0.68,1.63,USD,EQUITY,Energy,Oil & Gas Equipment & Services,0.0004104652555436
ROL,ROL,"Rollins, Inc.",54.78,50.256878,39.286278,26374578176.0,0.84,0.73,1.33,USD,EQUITY,Consumer Cyclical,Personal Services,0.0004088261195123
PHM,PHM,"PulteGroup, Inc.",119.21,11.529014,10.6539755,22707877888.0,1.341,1.04,0.87,USD,EQUITY,Consumer Cyclical,Residential Construction,0.0004077839273025
CINF,CINF,Cincinnati Financial Corporatio,162.05,9.26,17.697367,25066985472.0,0.642,3.55,2.19,USD,EQUITY,Financial Services,Insurance - Property & Casualty,0.0004065748959085
PTC,PTC,PTC Inc.,136.53,20.107512,16.394249,16246539264.0,1.058,,,USD,EQUITY,Technology,Software - Application,0.0004054115168442
WRB,WRB,W.R. Berkley Corporation,66.38,14.06356,13.777387,25889460224.0,0.373,0.36,0.54,USD,EQUITY,Financial Services,Insurance - Property & Casualty,0.0004015508183273
DRI,DRI,"Darden Restaurants, Inc.",194.76,20.544304,17.129889,22306836480.0,0.627,6.0,3.08,USD,EQUITY,Consumer Cyclical,Restaurants,0.000396560307552
FOXA,FOXA,Fox Corporation,63.35,15.191846,12.280963,26948839424.0,0.505,0.56,0.88,USD,EQUITY,Communication Services,Entertainment,0.000394837199237
FOX,FOX,Fox Corporation,56.93,13.652278,11.454729,24217798656.0,0.505,0.56,0.98,USD,EQUITY,Communication Services,Entertainment,0.0003947520110316
IFF,IFF,International Flavors & Fragran,70.81,,14.914245,18087550976.0,1.032,1.6,2.26,USD,EQUITY,Basic Materials,Specialty Chemicals,0.0003944076472914
SBAC,SBAC,SBA Communications Corporation,218.58,23.00842,25.286612,23183251456.0,0.88,5.0,2.29,USD,EQUITY,Real Estate,REIT - Specialty,0.0003938010497892
WAT,WAT,Waters Corporation,307.12,28.569302,18.794178,30148583424.0,1.203,,,USD,EQUITY,Healthcare,Diagnostics & Research,0.0003932880045592
ERIE,ERIE,Erie Indemnity Company,214.96,19.684982,15.343327,11240229888.0,0.438,5.85,2.72,USD,EQUITY,Financial Services,Insurance Brokers,0.0003918083384902
TDY,TDY,Teledyne Technologies Incorpora,640.33,32.471096,24.639174,29665937408.0,1.008,,,USD,EQUITY,Technology,Scientific & Technical Instruments,0.0003917584120117
ATO,ATO,Atmos Energy Corporation,188.54,24.581486,21.266373,31191857152.0,0.688,4.0,2.12,USD,EQUITY,Utilities,Utilities - Regulated Gas,0.0003906065289337
RF,RF,Regions Financial Corporation,28.19,11.697095,9.856334,24083177472.0,1.045,1.06,3.76,USD,EQUITY,Financial Services,Banks - Regional,0.0003886778561732
BIIB,BIIB,Biogen Inc.,187.06,20.113977,11.736001,27616999424.0,0.162,,,USD,EQUITY,Healthcare,Drug Manufacturers - General,0.0003839958947196
ZBH,ZBH,"Zimmer Biomet Holdings, Inc.",82.9,21.476685,9.218076,16046877696.0,0.612,0.96,1.16,USD,EQUITY,Healthcare,Medical Devices,0.0003836602635073
CNP,CNP,"CenterPoint Energy, Inc (Holdin",43.35,26.59509,20.816225,28358246400.0,0.532,0.92,2.12,USD,EQUITY,Utilities,Utilities - Regulated Electric,0.0003815442651257
MKC,MKC,"McCormick & Company, Incorporat",50.24,8.236066,15.013866,13506682880.0,0.706,1.92,3.82,USD,EQUITY,Consumer Defensive,Packaged Foods,0.0003806403563652
ES,ES,Eversource Energy (D/B/A),71.07,15.585526,14.203348,26711328768.0,0.776,3.15,4.43,USD,EQUITY,Utilities,Utilities - Regulated Electric,0.0003754163886395
WDC,WDC,Western Digital Corporation,431.52,25.83952,26.187263,147536379904.0,1.829,0.6,0.14,USD,EQUITY,Technology,Computer Hardware,0.0003746761871439
TSN,TSN,"Tyson Foods, Inc.",63.68,113.71429,14.470655,22420389888.0,0.434,2.04,3.2,USD,EQUITY,Consumer Defensive,Farm Products,0.0003717923158384
TER,TER,"Teradyne, Inc.",345.42,64.08535,36.309475,54078758912.0,1.794,0.52,0.15,USD,EQUITY,Technology,Semiconductor Equipment & Materials,0.000369042969679
STE,STE,STERIS plc (Ireland),214.4,29.944134,19.352364,21042718720.0,1.07,2.46,1.15,USD,EQUITY,Healthcare,Medical Devices,0.000368475097438
PKG,PKG,Packaging Corporation of Americ,218.06,26.527979,17.950472,19453872128.0,0.918,5.0,2.29,USD,EQUITY,Consumer Cyclical,Packaging & Containers,0.0003683480888982
CLX,CLX,Clorox Company (The),87.11,14.1642275,13.78733,10532632576.0,,4.96,5.69,USD,EQUITY,Consumer Defensive,Household & Personal Products,0.0003662040506272
NTRS,NTRS,Northern Trust Corporation,164.48,17.205019,13.953421,30481586176.0,1.242,3.2,1.95,USD,EQUITY,Financial Services,Asset Management,0.0003654634069783
ZBRA,ZBRA,Zebra Technologies Corporation,227.08,27.794369,11.324985,11170452480.0,1.655,,,USD,EQUITY,Technology,Communication Equipment,0.0003647369859277
DVN,DVN,Devon Energy Corporation,50.56,12.124701,9.419182,31420022784.0,0.526,0.96,1.9,USD,EQUITY,Energy,Oil & Gas E&P,0.0003636540419207
CBOE,CBOE,"Cboe Global Markets, Inc.",326.96,27.921434,23.785568,34246533120.0,0.369,2.79,0.93,USD,EQUITY,Financial Services,Financial Data & Stock Exchanges,0.0003608846883238
WY,WY,Weyerhaeuser Company,23.99,42.839287,34.6391,17297811456.0,,0.84,3.5,USD,EQUITY,Real Estate,REIT - Specialty,0.0003594835413143
LUV,LUV,Southwest Airlines Company,38.76,25.839998,8.564213,18944868352.0,1.184,0.72,1.86,USD,EQUITY,Industrials,Airlines,0.000359092088246
ULTA,ULTA,"Ulta Beauty, Inc.",531.95,20.746881,16.828894,23265701888.0,0.953,,,USD,EQUITY,Consumer Cyclical,Specialty Retail,0.0003587573044943
CMS,CMS,CMS Energy Corporation,76.03,21.060942,18.216364,23487158272.0,0.424,2.28,3.0,USD,EQUITY,Utilities,Utilities - Regulated Electric,0.0003580633817124
INVH,INVH,Invitation Homes Inc.,28.53,30.03158,41.886894,16946294784.0,0.816,1.2,4.21,USD,EQUITY,Real Estate,REIT - Residential,0.0003542328233131
FSLR,FSLR,"First Solar, Inc.",211.71,13.676357,8.686572,22748874752.0,1.607,,,USD,EQUITY,Technology,Solar,0.0003513029680628
BF-B,BF-B,Brown Forman Inc,25.55,14.8546505,15.033479,11719876608.0,0.421,0.92,3.58,USD,EQUITY,Consumer Defensive,Beverages - Wineries & Distilleries,0.0003484800033764
LDOS,LDOS,"Leidos Holdings, Inc.",149.23,13.407906,11.32672,18861580288.0,0.663,1.72,1.15,USD,EQUITY,Technology,Information Technology Services,0.0003476349746991
CFG,CFG,"Citizens Financial Group, Inc.",64.42,15.265403,10.083113,27444439040.0,1.058,1.84,2.86,USD,EQUITY,Financial Services,Banks - Regional,0.0003445049713815
LH,LH,Labcorp Holdings Inc.,255.84,22.680851,13.164042,21055631360.0,0.985,2.88,1.13,USD,EQUITY,Healthcare,Diagnostics & Research,0.0003440069962104
VRSN,VRSN,"VeriSign, Inc.",272.44,30.103867,25.575937,24792039424.0,0.695,3.24,1.19,USD,EQUITY,Technology,Software - Infrastructure,0.0003437865090906
IP,IP,International Paper Company,31.76,,11.89669,16816482304.0,1.099,1.85,5.82,USD,EQUITY,Consumer Cyclical,Packaging & Containers,0.0003403293491659
ESS,ESS,"Essex Property Trust, Inc.",263.35,29.58989,44.403492,18151712768.0,0.725,10.3,3.91,USD,EQUITY,Real Estate,REIT - Residential,0.0003400059140159
PODD,PODD,Insulet Corporation,175.04,50.298847,21.662453,12123919360.0,1.47,,,USD,EQUITY,Healthcare,Medical Devices,0.0003364096600275
COO,COO,"The Cooper Companies, Inc.",62.36,31.024876,12.421172,12167333888.0,1.074,,,USD,EQUITY,Healthcare,Medical Instruments & Supplies,0.0003355197527887
SMCI,SMCI,"Super Micro Computer, Inc.",27.09,19.773724,9.068086,16267055104.0,1.629,,,USD,EQUITY,Technology,Computer Hardware,0.0003328023890524
STX,STX,Seagate Technology Holdings PLC,726.93,68.96869,27.668276,162998779904.0,1.634,2.96,0.41,USD,EQUITY,Technology,Computer Hardware,0.0003322749738397
MAA,MAA,Mid-America Apartment Communiti,128.56,38.957577,33.048843,15336544256.0,0.789,6.12,4.76,USD,EQUITY,Real Estate,REIT - Residential,0.0003310617419892
FDS,FDS,FactSet Research Systems Inc.,227.58,14.644788,11.719812,8290996224.0,0.724,4.4,1.93,USD,EQUITY,Financial Services,Financial Data & Stock Exchanges,0.0003304697355464
NRG,NRG,"NRG Energy, Inc.",153.37,38.3425,13.471943,32572135424.0,1.338,1.9,1.24,USD,EQUITY,Utilities,Utilities - Independent Power Producers,0.0003296376398535
BBY,BBY,"Best Buy Co., Inc.",60.05,11.914682,8.562449,12582583296.0,1.374,3.84,6.39,USD,EQUITY,Consumer Cyclical,Specialty Retail,0.0003290646828493
SNA,SNA,Snap-On Incorporated,380.39,19.648245,17.862879,19704932352.0,0.761,9.76,2.57,USD,EQUITY,Industrials,Tools & Accessories,0.0003245285951436
L,L,Loews Corporation,111.7,13.997494,38.51724,22984251392.0,0.591,0.25,0.22,USD,EQUITY,Financial Services,Insurance - Property & Casualty,0.0003241493381376
PFG,PFG,Principal Financial Group Inc,101.09,14.503587,9.937019,21836691456.0,0.882,3.28,3.25,USD,EQUITY,Financial Services,Asset Management,0.0003180949327939
STLD,STLD,"Steel Dynamics, Inc.",229.27,24.57342,13.359703,33063665664.0,1.4,2.03,0.89,USD,EQUITY,Basic Materials,Steel,0.0003168841696327
TRMB,TRMB,Trimble Inc.,68.42,38.875,16.922113,15879511040.0,1.536,,,USD,EQUITY,Technology,Scientific & Technical Instruments,0.0003147582596476
OMC,OMC,Omnicom Group Inc.,76.92,,6.176984,21922676736.0,0.751,3.2,4.16,USD,EQUITY,Communication Services,Advertising Agencies,0.0003140030249393
CTRA,CTRA,Coterra Energy Inc.,35.38,15.794643,11.963373,26866036736.0,0.27,0.88,2.49,USD,EQUITY,Energy,Oil & Gas E&P,0.0003137499658587
HRL,HRL,Hormel Foods Corporation,21.33,23.966293,13.575179,11737562112.0,0.358,1.17,5.49,USD,EQUITY,Consumer Defensive,Packaged Foods,0.0003129172437819
ARE,ARE,Alexandria Real Estate Equities,41.39,,-47.034092,7213013504.0,1.343,4.08,9.86,USD,EQUITY,Real Estate,REIT - Office,0.0003118092444204
BLDR,BLDR,"Builders FirstSource, Inc.",75.72,28.900764,12.633771,8141262848.0,1.636,,,USD,EQUITY,Industrials,Building Products & Equipment,0.0003116139600395
JBHT,JBHT,"J.B. Hunt Transport Services, I",248.73,38.62267,27.516176,23455039488.0,1.221,1.8,0.72,USD,EQUITY,Industrials,Integrated Freight & Logistics,0.0003088072813336
GEN,GEN,Gen Digital Inc.,19.37,19.969072,6.772254,11731706880.0,1.149,0.5,2.58,USD,EQUITY,Technology,Software - Infrastructure,0.0003085774905711
DGX,DGX,Quest Diagnostics Incorporated,192.67,21.266003,16.533371,21327882240.0,0.654,3.44,1.79,USD,EQUITY,Healthcare,Diagnostics & Research,0.000307439351092
KEY,KEY,KeyCorp,21.87,13.417178,10.182844,23779100672.0,1.071,0.82,3.75,USD,EQUITY,Financial Services,Banks - Regional,0.0003047904842734
NI,NI,NiSource Inc,48.08,24.65641,21.525211,23007877120.0,0.61,1.2,2.5,USD,EQUITY,Utilities,Utilities - Regulated Gas,0.0003037536347495
MOH,MOH,Molina Healthcare Inc,192.7,51.524063,21.719185,10039669760.0,0.554,,,USD,EQUITY,Healthcare,Healthcare Plans,0.0003033067467093
PNR,PNR,Pentair plc.,79.1,19.87437,13.600131,12782997504.0,1.242,1.04,1.31,USD,EQUITY,Industrials,Specialty Industrial Machinery,0.000303068260265
J,J,Jacobs Solutions Inc.,128.92,34.01583,16.070044,15141229568.0,0.752,1.44,1.12,USD,EQUITY,Industrials,Engineering & Construction,0.0003028884696732
DG,DG,Dollar General Corporation,114.43,16.70511,14.314898,25200498688.0,0.34,2.36,2.06,USD,EQUITY,Consumer Defensive,Discount Stores,0.0003022954683855
BALL,BALL,Ball Corporation,61.33,18.584848,13.645901,16323167232.0,1.142,0.8,1.3,USD,EQUITY,Consumer Cyclical,Packaging & Containers,0.0002995935800152
NWS,NWS,News Corporation,30.41,39.493507,24.28681,16658020352.0,0.924,0.2,0.66,USD,EQUITY,Communication Services,Entertainment,0.0002946060537748
NWSA,NWSA,News Corporation,26.24,34.077923,20.956457,14373773312.0,0.924,0.2,0.76,USD,EQUITY,Communication Services,Entertainment,0.0002942895456934
UDR,UDR,"UDR, Inc.",36.39,24.7551,60.649998,13518666752.0,0.72,1.73,4.75,USD,EQUITY,Real Estate,REIT - Residential,0.0002937286742132
HOLX,HOLX,"Hologic, Inc.",76.01,31.53942,15.664253,16968846336.0,0.703,,,USD,EQUITY,Healthcare,Medical Instruments & Supplies,0.0002925437585979
JBL,JBL,Jabil Inc.,342.47,46.09287,23.512135,36131483648.0,1.159,0.32,0.09,USD,EQUITY,Technology,Electronic Components,0.0002913772476143
GPC,GPC,Genuine Parts Company,104.99,238.61363,12.538994,14606430208.0,0.772,4.25,4.05,USD,EQUITY,Consumer Cyclical,Auto Parts,0.0002894908926107
IEX,IEX,IDEX Corporation,214.93,31.747414,23.952114,15908055040.0,0.98,2.84,1.32,USD,EQUITY,Industrials,Specialty Industrial Machinery,0.0002893375575257
MAS,MAS,Masco Corporation,71.24,17.633663,15.156254,14371560448.0,1.291,1.28,1.8,USD,EQUITY,Industrials,Building Products & Equipment,0.0002887520175751
KIM,KIM,Kimco Realty Corporation (HC),23.38,26.873562,27.249416,15767534592.0,1.051,1.04,4.45,USD,EQUITY,Real Estate,REIT - Retail,0.0002840276830955
ALGN,ALGN,"Align Technology, Inc.",178.91,30.018457,14.476254,12813046784.0,1.811,,,USD,EQUITY,Healthcare,Medical Instruments & Supplies,0.000283475470451
DLTR,DLTR,"Dollar Tree, Inc.",94.67,15.93771,12.8095665,18678222848.0,0.744,,,USD,EQUITY,Consumer Defensive,Discount Stores,0.0002821920099156
EXPD,EXPD,Expeditors International of Was,147.23,24.744537,22.770578,19579234304.0,1.081,1.54,1.05,USD,EQUITY,Industrials,Integrated Freight & Logistics,0.0002807451368842
EG,EG,"Everest Group, Ltd.",353.57,7.199552,5.807439,14072086528.0,0.333,8.0,2.26,USD,EQUITY,Financial Services,Insurance - Reinsurance,0.0002757680933619
MRNA,MRNA,"Moderna, Inc.",45.37,,-9.592879,17993144320.0,,,,USD,EQUITY,Healthcare,Biotechnology,0.0002727112295719
LNT,LNT,Alliant Energy Corporation,74.06,23.289307,20.124727,19127955456.0,0.598,2.09,2.81,USD,EQUITY,Utilities,Utilities - Regulated Electric,0.0002721450706749
AVY,AVY,Avery Dennison Corporation,163.03,18.338581,14.600455,12539783168.0,1.003,4.0,2.45,USD,EQUITY,Consumer Cyclical,Packaging & Containers,0.0002719481834883
BAX,BAX,Baxter International Inc.,17.21,,8.498891,8884705280.0,0.617,0.36,2.09,USD,EQUITY,Healthcare,Medical Instruments & Supplies,0.0002709906452153
TPR,TPR,"Tapestry, Inc.",142.74,55.325584,19.75252,29211707392.0,1.61,1.6,1.12,USD,EQUITY,Consumer Cyclical,Luxury Goods,0.0002689560767359
VTRS,VTRS,Viatris Inc.,15.04,,5.64993,17512890368.0,0.822,0.48,3.2,USD,EQUITY,Healthcare,Drug Manufacturers - Specialty & Generic,0.0002688569054319
CF,CF,"CF Industries Holdings, Inc.",122.69,13.6778145,12.688323,18847201280.0,0.516,2.0,1.63,USD,EQUITY,Basic Materials,Agricultural Inputs,0.0002660587750234
FFIV,FFIV,"F5, Inc.",323.2,26.535305,18.488869,18342569984.0,0.93,,,USD,EQUITY,Technology,Software - Infrastructure,0.0002660117962337
DPZ,DPZ,Domino's Pizza Inc,337.77,19.456797,16.06801,11234861056.0,1.185,7.96,2.36,USD,EQUITY,Consumer Cyclical,Restaurants,0.0002647746881041
AKAM,AKAM,"Akamai Technologies, Inc.",103.87,33.833878,13.663186,15292057600.0,0.594,,,USD,EQUITY,Technology,Software - Infrastructure,0.00025916897626
RL,RL,Ralph Lauren Corporation,362.21,24.623384,20.128033,21964652544.0,1.479,3.65,1.01,USD,EQUITY,Consumer Cyclical,Apparel Manufacturing,0.0002572750125348
TXT,TXT,Textron Inc.,94.72,18.076338,12.983435,16490647552.0,0.971,0.08,0.08,USD,EQUITY,Industrials,Aerospace & Defense,0.0002564942066265
SWKS,SWKS,"Skyworks Solutions, Inc.",69.4,26.59004,13.901771,10438174720.0,1.3,2.84,4.09,USD,EQUITY,Technology,Semiconductors,0.0002553498033086
EVRG,EVRG,"Evergy, Inc.",82.61,22.571037,18.195555,19023773696.0,0.599,2.78,3.37,USD,EQUITY,Utilities,Utilities - Regulated Electric,0.0002541702488023
EPAM,EPAM,"EPAM Systems, Inc.",112.33,16.715775,8.071655,5926176768.0,1.73,,,USD,EQUITY,Technology,Information Technology Services,0.000253346775099
DOC,DOC,"Healthpeak Properties, Inc.",16.42,164.2,121.62962,11416114176.0,1.079,1.22,7.43,USD,EQUITY,Real Estate,REIT - Healthcare Facilities,0.0002531873604059
APTV,APTV,Aptiv PLC,60.49,80.653336,9.036073,15191826432.0,1.511,,,USD,EQUITY,Consumer Cyclical,Auto Parts,0.0002488951018304
RVTY,RVTY,"Revvity, Inc.",86.68,42.07767,14.435623,9691112448.0,1.129,0.28,0.32,USD,EQUITY,Healthcare,Diagnostics & Research,0.0002464583212186
AMCR,AMCR,Amcor plc,37.75,28.383457,8.653811,17442224128.0,0.708,2.6,6.89,USD,EQUITY,Consumer Cyclical,Packaging & Containers,0.0002444328353052
REG,REG,Regency Centers Corporation,78.65,27.02749,30.99703,14701745152.0,0.922,3.02,3.84,USD,EQUITY,Real Estate,REIT - Retail,0.000242450790955
POOL,POOL,Pool Corporation,208.09,19.12592,17.299501,7583424512.0,1.262,5.2,2.5,USD,EQUITY,Industrials,Industrial Distribution,0.00023897601859
INCY,INCY,Incyte Corporation,96.91,13.687854,10.698441,19360890880.0,0.857,,,USD,EQUITY,Healthcare,Biotechnology,0.0002386006120024
BXP,BXP,"BXP, Inc.",59.37,29.83417,28.47482,10511201280.0,1.047,3.08,5.19,USD,EQUITY,Real Estate,REIT - Office,0.0002368469951086
KMX,KMX,CarMax Inc,38.53,22.934525,13.792733,5464352256.0,1.299,,,USD,EQUITY,Consumer Cyclical,Auto & Truck Dealerships,0.0002333435748934
CAG,CAG,"ConAgra Brands, Inc.",14.06,,8.277357,6726826496.0,0.033,1.4,9.96,USD,EQUITY,Consumer Defensive,Packaged Foods,0.0002328095826501
HST,HST,"Host Hotels & Resorts, Inc.",21.13,19.20909,21.783504,14711134208.0,1.131,0.8,3.79,USD,EQUITY,Real Estate,REIT - Hotel & Motel,0.0002320014737745
JKHY,JKHY,"Jack Henry & Associates, Inc.",154.03,22.130747,21.952007,11148250112.0,0.718,2.35,1.53,USD,EQUITY,Technology,Information Technology Services,0.000231994233514
SWK,SWK,"Stanley Black & Decker, Inc.",78.53,32.184425,12.687923,12207925248.0,1.201,3.32,4.23,USD,EQUITY,Industrials,Tools & Accessories,0.0002274356328353
DVA,DVA,DaVita Inc.,151.65,15.946371,9.247724,10000459776.0,0.915,,,USD,EQUITY,Healthcare,Medical Care Facilities,0.0002240874084337
CPB,CPB,The Campbell's Company,20.73,11.266304,9.43873,6180576768.0,0.025,1.56,7.53,USD,EQUITY,Consumer Defensive,Packaged Foods,0.0002225793524373
CHRW,CHRW,"C.H. Robinson Worldwide, Inc.",177.3,35.818184,24.36313,21031473152.0,0.935,2.52,1.42,USD,EQUITY,Industrials,Integrated Freight & Logistics,0.0002218954333741
JNPR,JNPR,,,,,,,,,,NONE,Technology,Communication Equipment,0.0002218278760321
CPT,CPT,Camden Property Trust,104.45,29.175978,75.0494,10350012416.0,0.848,4.24,4.06,USD,EQUITY,Real Estate,REIT - Residential,0.0002205497581826
TAP,TAP,Molson Coors Beverage Company,42.14,,8.40264,7911192064.0,0.499,1.92,4.56,USD,EQUITY,Consumer Defensive,Beverages - Brewers,0.0002200519119729
NDSN,NDSN,Nordson Corporation,283.2,30.68256,22.87435,15797916672.0,1.012,3.28,1.16,USD,EQUITY,Industrials,Specialty Industrial Machinery,0.0002151389254122
PAYC,PAYC,"Paycom Software, Inc.",131.96,16.331684,11.338455,7162142208.0,0.796,1.5,1.14,USD,EQUITY,Technology,Software - Application,0.0002149829374072
UHS,UHS,"Universal Health Services, Inc.",167.0,6.97286,6.5713625,10191964160.0,1.295,0.8,0.48,USD,EQUITY,Healthcare,Medical Care Facilities,0.00021375537242
NCLH,NCLH,Norwegian Cruise Line Holdings ,18.81,20.445652,7.6150146,8568813056.0,2.113,,,USD,EQUITY,Consumer Cyclical,Travel Services,0.0002128823959685
DAY,DAY,,,,,,,,,,,Technology,Software - Application,0.0002123377183535
SJM,SJM,The J.M. Smucker Company,96.97,,9.655164,10341687296.0,0.259,4.4,4.54,USD,EQUITY,Consumer Defensive,Packaged Foods,0.0002103908251918
TECH,TECH,Bio-Techne Corp,55.02,103.811325,25.451132,8608060416.0,1.486,0.32,0.58,USD,EQUITY,Healthcare,Biotechnology,0.000209168731852
SOLV,SOLV,Solventum Corporation,66.63,7.503378,9.552483,11559838720.0,0.774,,,USD,EQUITY,Healthcare,Health Information Services,0.0002077154475975
ALLE,ALLE,Allegion plc,135.49,18.509563,14.195119,11643450368.0,1.03,2.12,1.56,USD,EQUITY,Industrials,Security & Protection Services,0.0002067252636713
BG,BG,Bunge Limited,124.61,32.792107,11.743607,24176596992.0,0.696,2.8,2.25,USD,EQUITY,Consumer Defensive,Farm Products,0.000198704455151
AIZ,AIZ,"Assurant, Inc.",231.51,13.682624,10.471595,11526187008.0,0.56,3.36,1.45,USD,EQUITY,Financial Services,Insurance - Property & Casualty,0.0001958668809822
IPG,IPG,,,,,,,,,,,Communication Services,Advertising Agencies,0.000194827599615
BEN,BEN,"Franklin Resources, Inc.",29.84,22.778627,10.137936,15505972224.0,1.473,1.32,4.42,USD,EQUITY,Financial Services,Asset Management,0.0001931616211929
EMN,EMN,Eastman Chemical Company,77.53,18.909756,11.324381,8865548288.0,,3.34,4.31,USD,EQUITY,Basic Materials,Specialty Chemicals,0.0001913582804742
ALB,ALB,Albemarle Corporation,193.88,,21.514038,22855911424.0,1.433,1.62,0.84,USD,EQUITY,Basic Materials,Specialty Chemicals,0.000187467552378
MGM,MGM,MGM Resorts International,38.5,52.739723,16.548962,9850095616.0,1.351,,,USD,EQUITY,Consumer Cyclical,Resorts & Casinos,0.000182985517915
AOS,AOS,A.O. Smith Corporation,60.35,16.093332,13.9555,8342772224.0,1.346,1.42,2.35,USD,EQUITY,Industrials,Specialty Industrial Machinery,0.000179265995267
WYNN,WYNN,"Wynn Resorts, Limited",105.98,33.75159,18.423424,11051943936.0,1.034,1.0,0.94,USD,EQUITY,Consumer Cyclical,Resorts & Casinos,0.000175739454118
PNW,PNW,Pinnacle West Capital Corporati,103.54,20.50297,18.57303,12530995200.0,0.476,3.64,3.52,USD,EQUITY,Utilities,Utilities - Regulated Electric,0.0001737947532999
ENPH,ENPH,"Enphase Energy, Inc.",33.85,33.51485,13.774273,4461369856.0,1.381,,,USD,EQUITY,Technology,Solar,0.00017367679048
LKQ,LKQ,LKQ Corporation,28.51,14.255,8.576526,7264086528.0,0.902,1.2,4.21,USD,EQUITY,Consumer Cyclical,Auto Parts,0.0001724880981385
FRT,FRT,Federal Realty Investment Trust,115.32,24.641026,36.24136,10023317504.0,,4.49,3.89,USD,EQUITY,Real Estate,REIT - Retail,0.0001723477513071
CRL,CRL,Charles River Laboratories Inte,165.78,,13.433772,8179910144.0,1.616,,,USD,EQUITY,Healthcare,Diagnostics & Research,0.0001709093160347
GNRC,GNRC,Generac Holdlings Inc.,259.34,81.297806,24.839401,15252236288.0,1.786,,,USD,EQUITY,Industrials,Specialty Industrial Machinery,0.0001672656411033
AES,AES,The AES Corporation,14.28,10.9007635,5.977922,10182662144.0,1.008,0.7,4.93,USD,EQUITY,Utilities,Utilities - Diversified,0.0001662995729559
GL,GL,Globe Life Inc.,152.72,10.568858,9.190804,11980052480.0,0.467,1.32,0.86,USD,EQUITY,Financial Services,Insurance - Life,0.0001652093702653
LW,LW,"Lamb Weston Holdings, Inc.",43.86,20.591549,14.633951,6055873024.0,0.477,1.52,3.47,USD,EQUITY,Consumer Defensive,Packaged Foods,0.0001593410561982
HSIC,HSIC,"Henry Schein, Inc.",73.93,22.608562,12.5642185,8483323392.0,0.882,,,USD,EQUITY,Healthcare,Medical Distribution,0.0001566180550071
MKTX,MKTX,"MarketAxess Holdings, Inc.",152.87,23.057314,16.785473,5378094592.0,1.004,3.12,2.04,USD,EQUITY,Financial Services,Capital Markets,0.0001561222169103
MTCH,MTCH,"Match Group, Inc.",38.67,16.247898,9.594651,,1.303,0.77,1.99,USD,EQUITY,Communication Services,Internet Content & Information,0.0001525089308078
TFX,TFX,Teleflex Incorporated,121.77,92.24999,11.748191,5390195712.0,0.835,1.36,1.12,USD,EQUITY,Healthcare,Medical Instruments & Supplies,0.0001488670981819
WBA,WBA,,,,,,,,,,,Healthcare,Pharmaceutical Retailers,0.0001483615511352
HAS,HAS,"Hasbro, Inc.",95.27,,15.030749,13482756096.0,0.544,2.8,2.94,USD,EQUITY,Consumer Cyclical,Leisure,0.0001445142461792
IVZ,IVZ,Invesco Ltd,25.89,,8.725603,11477037056.0,1.634,0.86,3.32,USD,EQUITY,Financial Services,Asset Management,0.0001401302776369
APA,APA,APA Corporation,40.13,10.057644,9.987456,14181958656.0,0.484,1.0,2.49,USD,EQUITY,Energy,Oil & Gas E&P,0.0001400383465935
MOS,MOS,Mosaic Company (The),23.15,13.617646,9.504688,7358150144.0,0.962,0.88,3.8,USD,EQUITY,Basic Materials,Agricultural Inputs,0.0001375560794595
PARA,PARA,,,,,,,,,,,Communication Services,Entertainment,0.0001366661722206
MHK,MHK,"Mohawk Industries, Inc.",99.93,14.959581,9.660486,6115481600.0,,,,USD,EQUITY,Consumer Cyclical,"Furnishings, Fixtures & Appliances",0.0001353219156044
CE,CE,Celanese Corporation,69.24,,10.738979,7749531648.0,0.848,0.12,0.17,USD,EQUITY,Basic Materials,Chemicals,0.0001342246200377
HII,HII,"Huntington Ingalls Industries, ",360.6,23.415585,17.7191,14199408640.0,0.356,5.52,1.53,USD,EQUITY,Industrials,Aerospace & Defense,0.0001340740484108
CZR,CZR,"Caesars Entertainment, Inc.",28.38,,32.104073,5780350976.0,1.878,,,USD,EQUITY,Consumer Cyclical,Resorts & Casinos,0.0001254637666177
BWA,BWA,BorgWarner Inc.,56.77,44.351562,9.772851,11754159104.0,1.026,0.68,1.2,USD,EQUITY,Consumer Cyclical,Auto Parts,0.0001254379006488
QRVO,QRVO,"Qorvo, Inc.",93.5,25.757574,13.922952,8667980800.0,1.336,,,USD,EQUITY,Technology,Semiconductors,0.0001204914025514
FMC,FMC,FMC Corporation,14.82,,6.616898,1853171328.0,0.523,0.32,2.16,USD,EQUITY,Basic Materials,Agricultural Inputs,0.0001126347710838
AMTM,AMTM,"Amentum Holdings, Inc.",25.65,64.125,9.310649,6256936960.0,,,,USD,EQUITY,Industrials,Specialty Business Services,8.39130444266517e-05
